id_venta,fecha,producto,categoria,cantidad,precio_unitario,total_venta,metodo_pago,cliente_tipo,canal_venta,provincia,cluster
1,2024-05-05,Organizador de escritorio,Hogar,3,10.22,30.66,Transferencia,Nuevo,Tienda física,Azuay,2
2,2024-10-29,Organizador de escritorio,Hogar,1,18.81,18.81,Pago móvil,Nuevo,Tienda física,Tungurahua,0
3,2024-01-14,Cuchara de madera,Cocina,5,4.16,20.8,Transferencia,Frecuente,Instagram,Chimborazo,2
4,2024-03-22,Decoración de pared,Decoración,1,15.56,15.56,Pago móvil,Frecuente,WhatsApp,Pichincha,1
5,2024-02-22,Cuchara de madera,Cocina,3,7.79,23.37,Efectivo,Frecuente,Tienda física,Cotopaxi,2
6,2024-08-23,Bandeja de madera,Hogar,1,19.85,19.85,Efectivo,Frecuente,Tienda física,Guayas,0
7,2024-07-04,Bandeja de madera,Hogar,5,22.78,113.9,Transferencia,Nuevo,Tienda física,Azuay,0
8,2024-04-29,Cuchara de madera,Cocina,1,6.87,6.87,Efectivo,Frecuente,WhatsApp,Chimborazo,2
9,2024-07-08,Organizador de escritorio,Hogar,2,18.18,36.36,Tarjeta,Nuevo,WhatsApp,Azuay,0
10,2024-11-21,Organizador de escritorio,Hogar,5,16.13,80.65,Transferencia,Nuevo,Instagram,Chimborazo,1
11,2024-04-22,Porta vasos,Hogar,5,8.43,42.15,Tarjeta,Nuevo,Instagram,Tungurahua,2
12,2024-04-18,Bandeja de madera,Hogar,1,17.22,17.22,Tarjeta,Nuevo,Facebook Marketplace,Chimborazo,1
13,2024-03-12,Organizador de escritorio,Hogar,3,14.05,42.15,Transferencia,Frecuente,Facebook Marketplace,Guayas,1
14,2024-09-17,Porta vasos,Hogar,2,9.26,18.52,Pago móvil,Nuevo,Tienda física,Tungurahua,2
15,2024-11-01,Cuchara de madera,Cocina,4,6.14,24.56,Efectivo,Frecuente,Facebook Marketplace,Guayas,2
16,2024-01-06,Porta vasos,Hogar,5,10.76,53.8,Efectivo,Frecuente,WhatsApp,Tungurahua,1
17,2024-01-02,Bandeja de madera,Hogar,4,17.65,70.6,Tarjeta,Nuevo,Tienda física,Azuay,0
18,2024-11-07,Bandeja de madera,Hogar,5,22.94,114.7,Transferencia,Nuevo,WhatsApp,Pichincha,0
19,2024-01-01,Decoración de pared,Decoración,5,29.07,145.35,Tarjeta,Frecuente,Tienda física,Tungurahua,0
20,2024-05-02,Bandeja de madera,Hogar,3,23.42,70.26,Efectivo,Nuevo,Tienda física,Tungurahua,0
21,2024-09-29,Organizador de escritorio,Hogar,1,14.35,14.35,Transferencia,Nuevo,Facebook Marketplace,Guayas,1
22,2024-08-04,Cuchara de madera,Cocina,5,4.33,21.65,Transferencia,Nuevo,WhatsApp,Chimborazo,2
23,2024-09-21,Organizador de escritorio,Hogar,4,16.15,64.6,Pago móvil,Nuevo,Instagram,Pichincha,1
24,2024-10-10,Tabla de cortar,Cocina,5,11.38,56.9,Transferencia,Nuevo,Tienda física,Tungurahua,1
25,2024-02-04,Organizador de escritorio,Hogar,2,15.94,31.88,Efectivo,Frecuente,Tienda física,Guayas,1
26,2024-04-19,Cuchara de madera,Cocina,4,4.39,17.56,Transferencia,Frecuente,Instagram,Chimborazo,2
27,2024-12-03,Porta vasos,Hogar,1,7.71,7.71,Pago móvil,Frecuente,Facebook Marketplace,Chimborazo,2
28,2024-12-10,Porta vasos,Hogar,1,13.77,13.77,Efectivo,Nuevo,Facebook Marketplace,Azuay,1
29,2024-05-07,Bandeja de madera,Hogar,1,22.41,22.41,Transferencia,Nuevo,Facebook Marketplace,Pichincha,0
30,2024-05-07,Porta vasos,Hogar,4,7.65,30.6,Efectivo,Frecuente,Tienda física,Tungurahua,2
31,2024-02-17,Organizador de escritorio,Hogar,1,19.99,19.99,Transferencia,Nuevo,Facebook Marketplace,Chimborazo,0
32,2024-01-31,Porta vasos,Hogar,4,7.92,31.68,Transferencia,Frecuente,Tienda física,Chimborazo,2
33,2024-05-26,Bandeja de madera,Hogar,4,24.04,96.16,Pago móvil,Frecuente,Instagram,Pichincha,0
34,2024-10-23,Bandeja de madera,Hogar,1,14.83,14.83,Efectivo,Frecuente,Tienda física,Tungurahua,1
35,2024-03-21,Decoración de pared,Decoración,5,19.54,97.7,Efectivo,Nuevo,Instagram,Tungurahua,0
36,2024-07-25,Decoración de pared,Decoración,2,11.36,22.72,Efectivo,Nuevo,Tienda física,Guayas,1
37,2024-10-16,Tabla de cortar,Cocina,5,12.19,60.95,Tarjeta,Frecuente,Instagram,Azuay,1
38,2024-07-21,Organizador de escritorio,Hogar,3,12.46,37.38,Transferencia,Frecuente,Facebook Marketplace,Cotopaxi,1
39,2024-10-15,Tabla de cortar,Cocina,5,8.09,40.45,Efectivo,Nuevo,Instagram,Guayas,2
40,2024-02-05,Bandeja de madera,Hogar,3,13.72,41.16,Transferencia,Frecuente,WhatsApp,Pichincha,1
41,2024-11-09,Porta vasos,Hogar,3,13.5,40.5,Efectivo,Frecuente,Tienda física,Pichincha,1
42,2024-10-10,Bandeja de madera,Hogar,1,13.5,13.5,Transferencia,Frecuente,WhatsApp,Guayas,1
43,2024-12-17,Cuchara de madera,Cocina,2,6.59,13.18,Tarjeta,Frecuente,WhatsApp,Tungurahua,2
44,2024-01-23,Tabla de cortar,Cocina,3,14.34,43.02,Efectivo,Frecuente,Instagram,Azuay,1
45,2024-10-09,Bandeja de madera,Hogar,4,14.1,56.4,Pago móvil,Nuevo,Tienda física,Tungurahua,1
46,2024-01-19,Organizador de escritorio,Hogar,5,18.94,94.7,Tarjeta,Nuevo,Facebook Marketplace,Pichincha,0
47,2024-07-02,Tabla de cortar,Cocina,1,11.08,11.08,Transferencia,Nuevo,Tienda física,Cotopaxi,1
48,2024-11-13,Decoración de pared,Decoración,4,27.68,110.72,Transferencia,Nuevo,Instagram,Pichincha,0
49,2024-07-29,Porta vasos,Hogar,3,6.22,18.66,Transferencia,Frecuente,Instagram,Azuay,2
50,2024-08-28,Tabla de cortar,Cocina,1,11.83,11.83,Transferencia,Nuevo,Facebook Marketplace,Cotopaxi,1
51,2024-04-24,Bandeja de madera,Hogar,2,22.67,45.34,Efectivo,Nuevo,Facebook Marketplace,Cotopaxi,0
52,2024-06-28,Bandeja de madera,Hogar,3,23.24,69.72,Pago móvil,Frecuente,Tienda física,Tungurahua,0
53,2024-01-20,Bandeja de madera,Hogar,3,14.32,42.96,Efectivo,Frecuente,WhatsApp,Azuay,1
54,2024-02-29,Bandeja de madera,Hogar,5,17.67,88.35,Pago móvil,Nuevo,WhatsApp,Tungurahua,0
55,2024-10-02,Organizador de escritorio,Hogar,5,13.8,69.0,Transferencia,Frecuente,Facebook Marketplace,Tungurahua,1
56,2024-06-09,Organizador de escritorio,Hogar,5,19.13,95.65,Efectivo,Frecuente,WhatsApp,Azuay,0
57,2024-10-10,Porta vasos,Hogar,3,8.94,26.82,Transferencia,Nuevo,Facebook Marketplace,Azuay,2
58,2024-11-11,Porta vasos,Hogar,2,12.1,24.2,Tarjeta,Frecuente,Tienda física,Cotopaxi,1
59,2024-11-06,Bandeja de madera,Hogar,5,14.73,73.65,Tarjeta,Frecuente,Facebook Marketplace,Chimborazo,1
60,2024-03-27,Organizador de escritorio,Hogar,4,11.35,45.4,Efectivo,Frecuente,WhatsApp,Tungurahua,1
61,2024-04-11,Cuchara de madera,Cocina,2,6.36,12.72,Transferencia,Nuevo,Tienda física,Pichincha,2
62,2024-08-21,Porta vasos,Hogar,1,11.5,11.5,Pago móvil,Nuevo,Facebook Marketplace,Chimborazo,1
63,2024-02-24,Porta vasos,Hogar,1,8.2,8.2,Pago móvil,Nuevo,Instagram,Azuay,2
64,2024-05-07,Decoración de pared,Decoración,5,19.29,96.45,Efectivo,Frecuente,Instagram,Chimborazo,0
65,2024-10-31,Organizador de escritorio,Hogar,5,14.84,74.2,Tarjeta,Frecuente,Facebook Marketplace,Guayas,1
66,2024-08-18,Porta vasos,Hogar,4,14.07,56.28,Tarjeta,Nuevo,WhatsApp,Guayas,1
67,2024-08-13,Porta vasos,Hogar,3,11.64,34.92,Efectivo,Frecuente,Instagram,Cotopaxi,1
68,2024-02-11,Bandeja de madera,Hogar,5,16.16,80.8,Transferencia,Nuevo,Instagram,Chimborazo,1
69,2024-02-02,Organizador de escritorio,Hogar,2,10.68,21.36,Pago móvil,Frecuente,WhatsApp,Guayas,1
70,2024-08-03,Porta vasos,Hogar,2,9.74,19.48,Pago móvil,Nuevo,Facebook Marketplace,Chimborazo,2
71,2024-07-18,Tabla de cortar,Cocina,3,17.43,52.29,Pago móvil,Nuevo,Facebook Marketplace,Pichincha,0
72,2024-07-18,Bandeja de madera,Hogar,1,17.67,17.67,Tarjeta,Frecuente,Instagram,Chimborazo,0
73,2024-01-14,Cuchara de madera,Cocina,5,7.9,39.5,Pago móvil,Nuevo,Tienda física,Azuay,2
74,2024-04-03,Porta vasos,Hogar,4,7.22,28.88,Efectivo,Frecuente,Facebook Marketplace,Cotopaxi,2
75,2024-07-13,Cuchara de madera,Cocina,3,5.27,15.81,Tarjeta,Frecuente,WhatsApp,Tungurahua,2
76,2024-01-27,Porta vasos,Hogar,5,6.17,30.85,Tarjeta,Nuevo,Tienda física,Azuay,2
77,2024-04-12,Tabla de cortar,Cocina,2,15.54,31.08,Efectivo,Nuevo,Instagram,Pichincha,1
78,2024-04-21,Porta vasos,Hogar,5,12.03,60.15,Pago móvil,Frecuente,WhatsApp,Pichincha,1
79,2024-03-24,Decoración de pared,Decoración,1,22.14,22.14,Tarjeta,Nuevo,Tienda física,Cotopaxi,0
80,2024-07-22,Decoración de pared,Decoración,4,23.55,94.2,Transferencia,Nuevo,Instagram,Tungurahua,0
81,2024-03-02,Organizador de escritorio,Hogar,5,17.5,87.5,Efectivo,Frecuente,Facebook Marketplace,Azuay,0
82,2024-01-07,Bandeja de madera,Hogar,3,12.9,38.7,Pago móvil,Frecuente,Tienda física,Chimborazo,1
83,2024-12-28,Bandeja de madera,Hogar,4,20.26,81.04,Transferencia,Frecuente,Instagram,Azuay,0
84,2024-11-11,Decoración de pared,Decoración,3,29.31,87.93,Pago móvil,Frecuente,Facebook Marketplace,Azuay,0
85,2024-02-14,Decoración de pared,Decoración,2,15.37,30.74,Tarjeta,Frecuente,Instagram,Chimborazo,1
86,2024-06-21,Decoración de pared,Decoración,4,22.21,88.84,Efectivo,Frecuente,WhatsApp,Pichincha,0
87,2024-06-23,Porta vasos,Hogar,3,7.91,23.73,Tarjeta,Frecuente,Tienda física,Guayas,2
88,2024-09-07,Cuchara de madera,Cocina,4,3.43,13.72,Transferencia,Frecuente,Facebook Marketplace,Chimborazo,2
89,2024-07-26,Tabla de cortar,Cocina,2,8.93,17.86,Transferencia,Frecuente,WhatsApp,Chimborazo,2
90,2024-10-08,Decoración de pared,Decoración,4,20.62,82.48,Tarjeta,Frecuente,Facebook Marketplace,Cotopaxi,0
91,2024-04-08,Bandeja de madera,Hogar,1,15.27,15.27,Tarjeta,Nuevo,Instagram,Pichincha,1
92,2024-10-28,Cuchara de madera,Cocina,3,6.69,20.07,Tarjeta,Nuevo,Instagram,Cotopaxi,2
93,2024-01-08,Cuchara de madera,Cocina,3,4.8,14.4,Transferencia,Frecuente,Tienda física,Tungurahua,2
94,2024-11-22,Decoración de pared,Decoración,2,15.84,31.68,Pago móvil,Nuevo,Tienda física,Guayas,1
95,2024-06-23,Bandeja de madera,Hogar,4,18.1,72.4,Transferencia,Nuevo,WhatsApp,Chimborazo,0
96,2024-09-08,Tabla de cortar,Cocina,4,16.22,64.88,Efectivo,Nuevo,Instagram,Pichincha,1
97,2024-05-07,Decoración de pared,Decoración,1,28.98,28.98,Efectivo,Frecuente,Instagram,Guayas,0
98,2024-06-01,Porta vasos,Hogar,4,10.05,40.2,Pago móvil,Frecuente,Tienda física,Guayas,2
99,2024-11-16,Organizador de escritorio,Hogar,2,10.09,20.18,Transferencia,Frecuente,Tienda física,Pichincha,2
100,2024-03-21,Cuchara de madera,Cocina,1,3.87,3.87,Efectivo,Frecuente,Facebook Marketplace,Azuay,2
101,2024-04-28,Decoración de pared,Decoración,1,19.4,19.4,Tarjeta,Frecuente,Facebook Marketplace,Tungurahua,0
102,2024-11-16,Organizador de escritorio,Hogar,3,11.57,34.71,Transferencia,Frecuente,Tienda física,Guayas,1
103,2024-03-13,Cuchara de madera,Cocina,3,6.24,18.72,Efectivo,Nuevo,Instagram,Cotopaxi,2
104,2024-05-27,Decoración de pared,Decoración,5,24.98,124.9,Pago móvil,Nuevo,Facebook Marketplace,Azuay,0
105,2024-09-13,Bandeja de madera,Hogar,3,21.1,63.3,Pago móvil,Frecuente,Tienda física,Guayas,0
106,2024-11-05,Tabla de cortar,Cocina,3,16.89,50.67,Tarjeta,Nuevo,Tienda física,Pichincha,1
107,2024-10-27,Organizador de escritorio,Hogar,5,18.2,91.0,Efectivo,Frecuente,Tienda física,Pichincha,0
108,2024-05-22,Porta vasos,Hogar,4,10.67,42.68,Transferencia,Frecuente,Facebook Marketplace,Tungurahua,1
109,2024-06-13,Porta vasos,Hogar,3,9.13,27.39,Efectivo,Nuevo,WhatsApp,Chimborazo,2
110,2024-10-08,Organizador de escritorio,Hogar,4,14.45,57.8,Efectivo,Frecuente,Tienda física,Cotopaxi,1
111,2024-09-20,Bandeja de madera,Hogar,4,16.2,64.8,Efectivo,Frecuente,Facebook Marketplace,Tungurahua,1
112,2024-09-12,Cuchara de madera,Cocina,5,5.59,27.95,Pago móvil,Nuevo,Instagram,Cotopaxi,2
113,2024-08-12,Decoración de pared,Decoración,3,12.62,37.86,Pago móvil,Nuevo,Tienda física,Azuay,1
114,2024-06-08,Decoración de pared,Decoración,2,25.99,51.98,Efectivo,Frecuente,Tienda física,Pichincha,0
115,2024-11-27,Tabla de cortar,Cocina,1,12.61,12.61,Transferencia,Frecuente,WhatsApp,Guayas,1
116,2024-08-29,Organizador de escritorio,Hogar,4,12.01,48.04,Transferencia,Frecuente,Instagram,Chimborazo,1
117,2024-03-10,Cuchara de madera,Cocina,5,7.61,38.05,Efectivo,Frecuente,Facebook Marketplace,Cotopaxi,2
118,2024-05-24,Decoración de pared,Decoración,1,15.34,15.34,Tarjeta,Frecuente,Instagram,Chimborazo,1
119,2024-10-09,Decoración de pared,Decoración,3,19.69,59.07,Pago móvil,Frecuente,WhatsApp,Pichincha,0
120,2024-04-29,Organizador de escritorio,Hogar,4,11.63,46.52,Pago móvil,Nuevo,WhatsApp,Azuay,1
121,2024-07-16,Porta vasos,Hogar,4,12.35,49.4,Transferencia,Frecuente,Tienda física,Pichincha,1
122,2024-02-21,Decoración de pared,Decoración,3,29.31,87.93,Pago móvil,Nuevo,Facebook Marketplace,Tungurahua,0
123,2024-02-08,Organizador de escritorio,Hogar,2,10.59,21.18,Pago móvil,Frecuente,WhatsApp,Guayas,1
124,2024-06-17,Organizador de escritorio,Hogar,1,13.37,13.37,Pago móvil,Frecuente,Facebook Marketplace,Guayas,1
125,2024-11-19,Tabla de cortar,Cocina,2,14.17,28.34,Tarjeta,Nuevo,Tienda física,Chimborazo,1
126,2024-08-15,Tabla de cortar,Cocina,1,15.6,15.6,Transferencia,Frecuente,Tienda física,Tungurahua,1
127,2024-07-02,Bandeja de madera,Hogar,3,22.35,67.05,Tarjeta,Frecuente,Instagram,Pichincha,0
128,2024-03-28,Decoración de pared,Decoración,2,18.24,36.48,Transferencia,Nuevo,Facebook Marketplace,Guayas,0
129,2024-03-14,Organizador de escritorio,Hogar,5,11.65,58.25,Transferencia,Frecuente,WhatsApp,Chimborazo,1
130,2024-05-27,Bandeja de madera,Hogar,4,20.67,82.68,Transferencia,Nuevo,Facebook Marketplace,Cotopaxi,0
131,2024-12-19,Decoración de pared,Decoración,4,15.98,63.92,Tarjeta,Frecuente,WhatsApp,Pichincha,1
132,2024-05-01,Porta vasos,Hogar,1,13.68,13.68,Pago móvil,Frecuente,WhatsApp,Azuay,1
133,2024-05-20,Bandeja de madera,Hogar,4,12.29,49.16,Efectivo,Nuevo,Facebook Marketplace,Cotopaxi,1
134,2024-04-22,Cuchara de madera,Cocina,3,6.04,18.12,Transferencia,Frecuente,Instagram,Azuay,2
135,2024-06-07,Tabla de cortar,Cocina,1,17.03,17.03,Pago móvil,Nuevo,WhatsApp,Azuay,1
136,2024-06-16,Cuchara de madera,Cocina,3,3.45,10.35,Pago móvil,Nuevo,Instagram,Pichincha,2
137,2024-09-28,Decoración de pared,Decoración,3,27.53,82.59,Tarjeta,Nuevo,WhatsApp,Chimborazo,0
138,2024-02-28,Bandeja de madera,Hogar,3,21.71,65.13,Pago móvil,Nuevo,Instagram,Pichincha,0
139,2024-10-12,Organizador de escritorio,Hogar,4,16.97,67.88,Tarjeta,Nuevo,Facebook Marketplace,Tungurahua,1
140,2024-07-07,Bandeja de madera,Hogar,4,18.98,75.92,Tarjeta,Frecuente,WhatsApp,Tungurahua,0
141,2024-11-13,Organizador de escritorio,Hogar,1,11.57,11.57,Tarjeta,Nuevo,Tienda física,Azuay,1
142,2024-11-28,Porta vasos,Hogar,3,14.18,42.54,Pago móvil,Nuevo,Instagram,Tungurahua,1
143,2024-02-29,Tabla de cortar,Cocina,4,11.04,44.16,Efectivo,Nuevo,Instagram,Chimborazo,1
144,2024-08-02,Porta vasos,Hogar,5,9.34,46.7,Transferencia,Frecuente,Tienda física,Chimborazo,2
145,2024-01-17,Decoración de pared,Decoración,3,18.16,54.48,Tarjeta,Nuevo,Facebook Marketplace,Chimborazo,0
146,2024-12-17,Cuchara de madera,Cocina,1,7.28,7.28,Tarjeta,Frecuente,Tienda física,Chimborazo,2
147,2024-08-20,Bandeja de madera,Hogar,1,14.47,14.47,Efectivo,Nuevo,Tienda física,Tungurahua,1
148,2024-10-16,Bandeja de madera,Hogar,2,15.17,30.34,Transferencia,Nuevo,Instagram,Guayas,1
149,2024-06-17,Cuchara de madera,Cocina,2,7.07,14.14,Transferencia,Nuevo,WhatsApp,Pichincha,2
150,2024-02-26,Cuchara de madera,Cocina,2,5.7,11.4,Efectivo,Nuevo,Tienda física,Cotopaxi,2
151,2024-03-30,Cuchara de madera,Cocina,1,5.94,5.94,Tarjeta,Nuevo,Instagram,Azuay,2
152,2024-08-31,Porta vasos,Hogar,1,10.73,10.73,Pago móvil,Frecuente,Tienda física,Chimborazo,1
153,2024-01-23,Decoración de pared,Decoración,5,14.43,72.15,Tarjeta,Frecuente,Tienda física,Tungurahua,1
154,2024-12-17,Porta vasos,Hogar,4,13.63,54.52,Efectivo,Frecuente,Facebook Marketplace,Tungurahua,1
155,2024-02-03,Tabla de cortar,Cocina,2,11.22,22.44,Transferencia,Frecuente,WhatsApp,Chimborazo,1
156,2024-09-15,Decoración de pared,Decoración,4,20.61,82.44,Pago móvil,Nuevo,Tienda física,Azuay,0
157,2024-04-20,Organizador de escritorio,Hogar,5,18.65,93.25,Pago móvil,Frecuente,Instagram,Chimborazo,0
158,2024-07-31,Bandeja de madera,Hogar,4,22.76,91.04,Efectivo,Frecuente,Facebook Marketplace,Cotopaxi,0
159,2024-12-17,Organizador de escritorio,Hogar,2,11.8,23.6,Pago móvil,Nuevo,Tienda física,Tungurahua,1
160,2024-03-07,Tabla de cortar,Cocina,3,12.32,36.96,Efectivo,Frecuente,Tienda física,Chimborazo,1
161,2024-01-27,Bandeja de madera,Hogar,4,23.36,93.44,Tarjeta,Frecuente,WhatsApp,Tungurahua,0
162,2024-12-02,Decoración de pared,Decoración,2,20.15,40.3,Pago móvil,Nuevo,Tienda física,Cotopaxi,0
163,2024-10-20,Decoración de pared,Decoración,3,17.35,52.05,Transferencia,Frecuente,Tienda física,Guayas,1
164,2024-01-15,Organizador de escritorio,Hogar,3,18.12,54.36,Transferencia,Frecuente,WhatsApp,Cotopaxi,0
165,2024-10-16,Bandeja de madera,Hogar,2,12.08,24.16,Pago móvil,Nuevo,Instagram,Azuay,1
166,2024-09-28,Organizador de escritorio,Hogar,1,19.69,19.69,Transferencia,Frecuente,Facebook Marketplace,Chimborazo,0
167,2024-06-15,Bandeja de madera,Hogar,3,14.05,42.15,Efectivo,Nuevo,Instagram,Pichincha,1
168,2024-05-19,Decoración de pared,Decoración,1,11.0,11.0,Pago móvil,Frecuente,Facebook Marketplace,Guayas,1
169,2024-09-19,Porta vasos,Hogar,2,9.73,19.46,Efectivo,Frecuente,Facebook Marketplace,Tungurahua,2
170,2024-09-06,Bandeja de madera,Hogar,5,20.82,104.1,Tarjeta,Nuevo,Instagram,Chimborazo,0
171,2024-06-03,Decoración de pared,Decoración,2,11.1,22.2,Transferencia,Nuevo,WhatsApp,Cotopaxi,1
172,2024-08-08,Bandeja de madera,Hogar,4,13.56,54.24,Transferencia,Nuevo,Facebook Marketplace,Guayas,1
173,2024-12-08,Organizador de escritorio,Hogar,5,11.53,57.65,Tarjeta,Nuevo,Facebook Marketplace,Azuay,1
174,2024-02-09,Tabla de cortar,Cocina,4,12.36,49.44,Tarjeta,Frecuente,Facebook Marketplace,Azuay,1
175,2024-07-26,Organizador de escritorio,Hogar,1,13.59,13.59,Efectivo,Frecuente,Instagram,Guayas,1
176,2024-02-15,Porta vasos,Hogar,3,13.49,40.47,Pago móvil,Nuevo,Instagram,Chimborazo,1
177,2024-07-21,Decoración de pared,Decoración,1,18.01,18.01,Tarjeta,Frecuente,Instagram,Cotopaxi,0
178,2024-09-28,Cuchara de madera,Cocina,1,3.38,3.38,Transferencia,Frecuente,WhatsApp,Azuay,2
179,2024-02-22,Organizador de escritorio,Hogar,2,17.97,35.94,Transferencia,Frecuente,Instagram,Pichincha,0
180,2024-03-31,Decoración de pared,Decoración,1,13.06,13.06,Pago móvil,Frecuente,Facebook Marketplace,Azuay,1
181,2024-06-14,Decoración de pared,Decoración,5,22.86,114.3,Tarjeta,Nuevo,Facebook Marketplace,Tungurahua,0
182,2024-05-20,Porta vasos,Hogar,3,9.98,29.94,Efectivo,Frecuente,Tienda física,Cotopaxi,2
183,2024-07-07,Porta vasos,Hogar,1,10.07,10.07,Tarjeta,Nuevo,Tienda física,Guayas,2
184,2024-10-24,Decoración de pared,Decoración,4,20.14,80.56,Efectivo,Frecuente,Instagram,Cotopaxi,0
185,2024-02-01,Decoración de pared,Decoración,2,19.51,39.02,Pago móvil,Nuevo,WhatsApp,Azuay,0
186,2024-01-21,Tabla de cortar,Cocina,2,13.05,26.1,Transferencia,Frecuente,Facebook Marketplace,Guayas,1
187,2024-07-09,Decoración de pared,Decoración,3,22.2,66.6,Tarjeta,Frecuente,Facebook Marketplace,Cotopaxi,0
188,2024-02-03,Organizador de escritorio,Hogar,3,15.58,46.74,Tarjeta,Nuevo,Facebook Marketplace,Cotopaxi,1
189,2024-03-17,Bandeja de madera,Hogar,5,21.41,107.05,Tarjeta,Nuevo,Instagram,Cotopaxi,0
190,2024-03-07,Bandeja de madera,Hogar,4,24.58,98.32,Efectivo,Frecuente,Facebook Marketplace,Azuay,0
191,2024-02-17,Bandeja de madera,Hogar,5,22.57,112.85,Pago móvil,Frecuente,Tienda física,Cotopaxi,0
192,2024-06-23,Bandeja de madera,Hogar,2,14.34,28.68,Pago móvil,Nuevo,Instagram,Pichincha,1
193,2024-09-16,Cuchara de madera,Cocina,1,3.39,3.39,Efectivo,Frecuente,Instagram,Guayas,2
194,2024-12-20,Porta vasos,Hogar,2,7.39,14.78,Transferencia,Frecuente,Tienda física,Chimborazo,2
195,2024-08-15,Bandeja de madera,Hogar,2,20.79,41.58,Tarjeta,Frecuente,Instagram,Guayas,0
196,2024-04-09,Cuchara de madera,Cocina,4,4.55,18.2,Tarjeta,Frecuente,Facebook Marketplace,Cotopaxi,2
197,2024-03-23,Porta vasos,Hogar,4,10.53,42.12,Transferencia,Nuevo,WhatsApp,Tungurahua,1
198,2024-10-10,Organizador de escritorio,Hogar,3,14.29,42.87,Efectivo,Nuevo,WhatsApp,Tungurahua,1
199,2024-03-16,Cuchara de madera,Cocina,5,4.36,21.8,Pago móvil,Nuevo,Instagram,Chimborazo,2
200,2024-01-28,Bandeja de madera,Hogar,4,24.1,96.4,Pago móvil,Frecuente,Instagram,Chimborazo,0
201,2024-06-12,Tabla de cortar,Cocina,1,11.75,11.75,Efectivo,Frecuente,Instagram,Pichincha,1
202,2024-12-22,Tabla de cortar,Cocina,4,10.87,43.48,Transferencia,Frecuente,Facebook Marketplace,Guayas,1
203,2024-05-11,Tabla de cortar,Cocina,1,17.06,17.06,Transferencia,Nuevo,Facebook Marketplace,Tungurahua,1
204,2024-01-25,Bandeja de madera,Hogar,1,15.09,15.09,Transferencia,Frecuente,Facebook Marketplace,Tungurahua,1
205,2024-11-01,Tabla de cortar,Cocina,4,16.37,65.48,Efectivo,Nuevo,Instagram,Cotopaxi,1
206,2024-05-03,Porta vasos,Hogar,3,6.01,18.03,Pago móvil,Nuevo,Tienda física,Guayas,2
207,2024-10-05,Bandeja de madera,Hogar,5,12.88,64.4,Efectivo,Frecuente,Facebook Marketplace,Tungurahua,1
208,2024-05-09,Organizador de escritorio,Hogar,3,13.26,39.78,Efectivo,Frecuente,Tienda física,Cotopaxi,1
209,2024-10-24,Cuchara de madera,Cocina,1,6.66,6.66,Tarjeta,Nuevo,Tienda física,Cotopaxi,2
210,2024-12-16,Decoración de pared,Decoración,2,16.77,33.54,Pago móvil,Frecuente,Instagram,Pichincha,1
211,2024-01-19,Tabla de cortar,Cocina,4,15.16,60.64,Tarjeta,Nuevo,Tienda física,Pichincha,1
212,2024-09-20,Tabla de cortar,Cocina,3,11.16,33.48,Pago móvil,Frecuente,WhatsApp,Tungurahua,1
213,2024-01-25,Organizador de escritorio,Hogar,3,11.1,33.3,Tarjeta,Frecuente,Tienda física,Cotopaxi,1
214,2024-07-16,Porta vasos,Hogar,4,14.01,56.04,Tarjeta,Nuevo,Facebook Marketplace,Azuay,1
215,2024-05-16,Porta vasos,Hogar,5,9.31,46.55,Efectivo,Frecuente,Tienda física,Chimborazo,2
216,2024-10-06,Decoración de pared,Decoración,2,29.9,59.8,Tarjeta,Frecuente,Tienda física,Tungurahua,0
217,2024-08-16,Bandeja de madera,Hogar,3,20.59,61.77,Pago móvil,Nuevo,Facebook Marketplace,Cotopaxi,0
218,2024-11-10,Porta vasos,Hogar,3,6.38,19.14,Pago móvil,Frecuente,Tienda física,Tungurahua,2
219,2024-09-19,Organizador de escritorio,Hogar,3,16.01,48.03,Transferencia,Nuevo,Instagram,Guayas,1
220,2024-03-05,Organizador de escritorio,Hogar,1,17.59,17.59,Efectivo,Nuevo,WhatsApp,Cotopaxi,0
221,2024-11-05,Porta vasos,Hogar,1,14.55,14.55,Transferencia,Frecuente,WhatsApp,Cotopaxi,1
222,2024-03-11,Porta vasos,Hogar,5,12.87,64.35,Tarjeta,Frecuente,WhatsApp,Azuay,1
223,2024-01-14,Bandeja de madera,Hogar,1,15.24,15.24,Transferencia,Frecuente,Facebook Marketplace,Guayas,1
224,2024-12-26,Tabla de cortar,Cocina,3,10.62,31.86,Pago móvil,Nuevo,WhatsApp,Azuay,1
225,2024-02-07,Porta vasos,Hogar,2,7.8,15.6,Pago móvil,Nuevo,Facebook Marketplace,Tungurahua,2
226,2024-12-07,Organizador de escritorio,Hogar,3,19.64,58.92,Tarjeta,Nuevo,WhatsApp,Cotopaxi,0
227,2024-07-04,Cuchara de madera,Cocina,2,6.56,13.12,Transferencia,Nuevo,Instagram,Pichincha,2
228,2024-07-03,Cuchara de madera,Cocina,1,6.95,6.95,Tarjeta,Frecuente,Instagram,Guayas,2
229,2024-09-02,Tabla de cortar,Cocina,4,8.66,34.64,Pago móvil,Frecuente,Tienda física,Pichincha,2
230,2024-08-26,Bandeja de madera,Hogar,4,20.35,81.4,Tarjeta,Nuevo,Instagram,Pichincha,0
231,2024-03-04,Porta vasos,Hogar,1,10.53,10.53,Transferencia,Frecuente,Instagram,Pichincha,1
232,2024-06-26,Bandeja de madera,Hogar,2,24.15,48.3,Tarjeta,Nuevo,WhatsApp,Pichincha,0
233,2024-03-05,Organizador de escritorio,Hogar,3,19.52,58.56,Tarjeta,Nuevo,Instagram,Guayas,0
234,2024-11-05,Decoración de pared,Decoración,5,13.08,65.4,Tarjeta,Nuevo,Tienda física,Tungurahua,1
235,2024-05-15,Tabla de cortar,Cocina,5,17.49,87.45,Transferencia,Frecuente,Tienda física,Chimborazo,0
236,2024-09-04,Organizador de escritorio,Hogar,3,15.0,45.0,Transferencia,Frecuente,WhatsApp,Chimborazo,1
237,2024-08-13,Tabla de cortar,Cocina,2,14.89,29.78,Pago móvil,Frecuente,Facebook Marketplace,Pichincha,1
238,2024-06-12,Bandeja de madera,Hogar,3,19.89,59.67,Tarjeta,Frecuente,Instagram,Cotopaxi,0
239,2024-05-03,Decoración de pared,Decoración,3,21.23,63.69,Pago móvil,Nuevo,WhatsApp,Chimborazo,0
240,2024-05-28,Cuchara de madera,Cocina,1,3.7,3.7,Pago móvil,Frecuente,Instagram,Pichincha,2
241,2024-04-07,Bandeja de madera,Hogar,3,24.14,72.42,Transferencia,Frecuente,Facebook Marketplace,Chimborazo,0
242,2024-07-20,Bandeja de madera,Hogar,1,18.47,18.47,Pago móvil,Nuevo,Instagram,Guayas,0
243,2024-09-10,Bandeja de madera,Hogar,3,12.63,37.89,Pago móvil,Frecuente,Tienda física,Tungurahua,1
244,2024-07-06,Porta vasos,Hogar,3,7.21,21.63,Pago móvil,Frecuente,Tienda física,Chimborazo,2
245,2024-07-04,Tabla de cortar,Cocina,2,13.7,27.4,Tarjeta,Nuevo,Facebook Marketplace,Guayas,1
246,2024-11-15,Porta vasos,Hogar,3,12.88,38.64,Efectivo,Nuevo,Tienda física,Chimborazo,1
247,2024-10-12,Bandeja de madera,Hogar,3,22.33,66.99,Tarjeta,Nuevo,Instagram,Guayas,0
248,2024-01-24,Decoración de pared,Decoración,1,18.03,18.03,Efectivo,Nuevo,WhatsApp,Chimborazo,0
249,2024-09-20,Decoración de pared,Decoración,5,19.14,95.7,Transferencia,Frecuente,WhatsApp,Pichincha,0
250,2024-10-30,Porta vasos,Hogar,3,14.92,44.76,Tarjeta,Frecuente,WhatsApp,Chimborazo,1
251,2024-08-01,Tabla de cortar,Cocina,1,11.68,11.68,Tarjeta,Nuevo,Facebook Marketplace,Cotopaxi,1
252,2024-10-22,Organizador de escritorio,Hogar,5,17.61,88.05,Transferencia,Nuevo,Facebook Marketplace,Pichincha,0
253,2024-07-13,Decoración de pared,Decoración,5,22.58,112.9,Transferencia,Nuevo,Tienda física,Guayas,0
254,2024-08-13,Organizador de escritorio,Hogar,1,10.21,10.21,Tarjeta,Frecuente,Instagram,Chimborazo,2
255,2024-11-09,Organizador de escritorio,Hogar,5,11.24,56.2,Pago móvil,Nuevo,Instagram,Guayas,1
256,2024-09-26,Cuchara de madera,Cocina,4,5.8,23.2,Pago móvil,Frecuente,Instagram,Chimborazo,2
257,2024-12-12,Decoración de pared,Decoración,3,16.85,50.55,Tarjeta,Frecuente,Instagram,Pichincha,1
258,2024-06-01,Bandeja de madera,Hogar,2,19.26,38.52,Tarjeta,Nuevo,Facebook Marketplace,Cotopaxi,0
259,2024-05-27,Porta vasos,Hogar,3,9.14,27.42,Efectivo,Frecuente,Facebook Marketplace,Cotopaxi,2
260,2024-12-31,Cuchara de madera,Cocina,3,4.45,13.35,Efectivo,Frecuente,Facebook Marketplace,Azuay,2
261,2024-04-13,Bandeja de madera,Hogar,2,21.72,43.44,Tarjeta,Frecuente,Instagram,Tungurahua,0
262,2024-05-04,Decoración de pared,Decoración,2,24.82,49.64,Efectivo,Nuevo,Instagram,Tungurahua,0
263,2024-02-21,Tabla de cortar,Cocina,4,12.13,48.52,Transferencia,Nuevo,Instagram,Chimborazo,1
264,2024-09-01,Organizador de escritorio,Hogar,4,19.29,77.16,Transferencia,Frecuente,WhatsApp,Cotopaxi,0
265,2024-11-29,Organizador de escritorio,Hogar,1,9.65,9.65,Transferencia,Nuevo,Instagram,Chimborazo,2
266,2024-07-22,Cuchara de madera,Cocina,1,7.67,7.67,Pago móvil,Nuevo,WhatsApp,Tungurahua,2
267,2024-02-24,Tabla de cortar,Cocina,5,10.98,54.9,Tarjeta,Frecuente,Facebook Marketplace,Azuay,1
268,2024-09-15,Decoración de pared,Decoración,2,20.49,40.98,Pago móvil,Frecuente,Instagram,Tungurahua,0
269,2024-11-27,Bandeja de madera,Hogar,4,14.11,56.44,Tarjeta,Nuevo,Tienda física,Azuay,1
270,2024-12-11,Bandeja de madera,Hogar,5,22.28,111.4,Transferencia,Nuevo,Facebook Marketplace,Chimborazo,0
271,2024-12-08,Decoración de pared,Decoración,4,16.56,66.24,Efectivo,Nuevo,Instagram,Chimborazo,1
272,2024-05-13,Bandeja de madera,Hogar,1,24.17,24.17,Pago móvil,Nuevo,Facebook Marketplace,Cotopaxi,0
273,2024-01-06,Bandeja de madera,Hogar,5,15.93,79.65,Tarjeta,Frecuente,Instagram,Tungurahua,1
274,2024-03-22,Organizador de escritorio,Hogar,3,10.3,30.9,Pago móvil,Frecuente,Tienda física,Azuay,1
275,2024-04-22,Bandeja de madera,Hogar,2,16.78,33.56,Transferencia,Frecuente,Instagram,Chimborazo,1
276,2024-07-31,Organizador de escritorio,Hogar,3,19.88,59.64,Pago móvil,Nuevo,Instagram,Azuay,0
277,2024-09-26,Decoración de pared,Decoración,1,27.46,27.46,Pago móvil,Frecuente,Tienda física,Guayas,0
278,2024-09-15,Tabla de cortar,Cocina,5,8.62,43.1,Transferencia,Nuevo,Instagram,Cotopaxi,2
279,2024-10-25,Decoración de pared,Decoración,2,18.84,37.68,Pago móvil,Nuevo,Facebook Marketplace,Tungurahua,0
280,2024-08-21,Porta vasos,Hogar,4,7.19,28.76,Efectivo,Frecuente,WhatsApp,Azuay,2
281,2024-04-21,Tabla de cortar,Cocina,1,11.96,11.96,Efectivo,Nuevo,Facebook Marketplace,Cotopaxi,1
282,2024-02-05,Organizador de escritorio,Hogar,1,9.7,9.7,Pago móvil,Nuevo,WhatsApp,Chimborazo,2
283,2024-07-10,Cuchara de madera,Cocina,4,6.84,27.36,Pago móvil,Frecuente,Facebook Marketplace,Chimborazo,2
284,2024-03-09,Tabla de cortar,Cocina,5,14.83,74.15,Tarjeta,Nuevo,Instagram,Guayas,1
285,2024-01-02,Porta vasos,Hogar,2,10.76,21.52,Efectivo,Frecuente,Facebook Marketplace,Azuay,1
286,2024-07-13,Organizador de escritorio,Hogar,5,14.99,74.95,Transferencia,Nuevo,Facebook Marketplace,Cotopaxi,1
287,2024-01-17,Cuchara de madera,Cocina,1,4.38,4.38,Pago móvil,Nuevo,Instagram,Pichincha,2
288,2024-08-16,Tabla de cortar,Cocina,1,9.01,9.01,Efectivo,Nuevo,Tienda física,Chimborazo,2
289,2024-01-29,Porta vasos,Hogar,2,8.11,16.22,Transferencia,Frecuente,Instagram,Azuay,2
290,2024-12-10,Decoración de pared,Decoración,5,16.38,81.9,Tarjeta,Nuevo,WhatsApp,Pichincha,1
291,2024-06-02,Organizador de escritorio,Hogar,4,14.73,58.92,Tarjeta,Nuevo,Instagram,Azuay,1
292,2024-01-25,Organizador de escritorio,Hogar,4,13.7,54.8,Tarjeta,Frecuente,WhatsApp,Azuay,1
293,2024-07-11,Porta vasos,Hogar,3,9.67,29.01,Transferencia,Frecuente,Instagram,Pichincha,2
294,2024-08-25,Bandeja de madera,Hogar,2,23.15,46.3,Efectivo,Frecuente,Facebook Marketplace,Guayas,0
295,2024-05-10,Decoración de pared,Decoración,2,12.68,25.36,Transferencia,Frecuente,Tienda física,Chimborazo,1
296,2024-01-27,Bandeja de madera,Hogar,2,13.2,26.4,Tarjeta,Frecuente,Tienda física,Tungurahua,1
297,2024-12-09,Cuchara de madera,Cocina,5,7.02,35.1,Transferencia,Frecuente,Instagram,Cotopaxi,2
298,2024-04-18,Bandeja de madera,Hogar,1,24.44,24.44,Transferencia,Nuevo,Facebook Marketplace,Pichincha,0
299,2024-07-22,Organizador de escritorio,Hogar,2,15.65,31.3,Transferencia,Frecuente,WhatsApp,Chimborazo,1
300,2024-06-06,Porta vasos,Hogar,3,10.8,32.4,Tarjeta,Frecuente,Facebook Marketplace,Chimborazo,1
301,2024-06-12,Tabla de cortar,Cocina,4,16.03,64.12,Transferencia,Frecuente,WhatsApp,Chimborazo,1
302,2024-03-15,Tabla de cortar,Cocina,2,13.63,27.26,Efectivo,Frecuente,Facebook Marketplace,Cotopaxi,1
303,2024-07-13,Cuchara de madera,Cocina,2,3.98,7.96,Transferencia,Frecuente,WhatsApp,Cotopaxi,2
304,2024-08-23,Porta vasos,Hogar,4,14.7,58.8,Transferencia,Frecuente,Instagram,Pichincha,1
305,2024-10-04,Organizador de escritorio,Hogar,2,15.01,30.02,Efectivo,Nuevo,Tienda física,Azuay,1
306,2024-03-11,Tabla de cortar,Cocina,4,15.64,62.56,Transferencia,Nuevo,Instagram,Tungurahua,1
307,2024-01-31,Cuchara de madera,Cocina,3,5.53,16.59,Pago móvil,Frecuente,Tienda física,Tungurahua,2
308,2024-01-09,Decoración de pared,Decoración,1,21.03,21.03,Tarjeta,Frecuente,Tienda física,Guayas,0
309,2024-02-24,Organizador de escritorio,Hogar,2,16.41,32.82,Efectivo,Nuevo,Instagram,Pichincha,1
310,2024-05-16,Decoración de pared,Decoración,3,20.53,61.59,Pago móvil,Nuevo,WhatsApp,Chimborazo,0
311,2024-06-02,Porta vasos,Hogar,2,11.09,22.18,Efectivo,Nuevo,Tienda física,Chimborazo,1
312,2024-01-29,Porta vasos,Hogar,4,9.39,37.56,Efectivo,Nuevo,Tienda física,Chimborazo,2
313,2024-10-16,Porta vasos,Hogar,3,11.8,35.4,Efectivo,Nuevo,Instagram,Pichincha,1
314,2024-05-18,Organizador de escritorio,Hogar,4,18.76,75.04,Efectivo,Nuevo,WhatsApp,Guayas,0
315,2024-06-10,Decoración de pared,Decoración,2,23.16,46.32,Efectivo,Nuevo,Instagram,Azuay,0
316,2024-03-24,Porta vasos,Hogar,3,14.36,43.08,Transferencia,Frecuente,WhatsApp,Chimborazo,1
317,2024-09-13,Organizador de escritorio,Hogar,1,10.54,10.54,Tarjeta,Nuevo,Tienda física,Chimborazo,1
318,2024-11-05,Cuchara de madera,Cocina,3,7.19,21.57,Pago móvil,Frecuente,Tienda física,Azuay,2
319,2024-09-08,Bandeja de madera,Hogar,4,22.19,88.76,Transferencia,Frecuente,Facebook Marketplace,Chimborazo,0
320,2024-02-13,Cuchara de madera,Cocina,4,6.4,25.6,Tarjeta,Nuevo,Tienda física,Tungurahua,2
321,2024-07-18,Bandeja de madera,Hogar,2,14.0,28.0,Tarjeta,Frecuente,Tienda física,Tungurahua,1
322,2024-07-03,Tabla de cortar,Cocina,4,17.43,69.72,Tarjeta,Nuevo,Instagram,Tungurahua,0
323,2024-10-11,Cuchara de madera,Cocina,5,5.15,25.75,Pago móvil,Nuevo,Tienda física,Tungurahua,2
324,2024-11-02,Bandeja de madera,Hogar,5,19.2,96.0,Tarjeta,Frecuente,Tienda física,Cotopaxi,0
325,2024-10-13,Porta vasos,Hogar,1,9.49,9.49,Transferencia,Nuevo,Facebook Marketplace,Pichincha,2
326,2024-09-09,Cuchara de madera,Cocina,3,4.34,13.02,Transferencia,Nuevo,Instagram,Chimborazo,2
327,2024-02-09,Bandeja de madera,Hogar,4,17.47,69.88,Tarjeta,Frecuente,Instagram,Azuay,0
328,2024-04-10,Organizador de escritorio,Hogar,5,14.45,72.25,Pago móvil,Nuevo,Instagram,Cotopaxi,1
329,2024-11-13,Tabla de cortar,Cocina,3,17.49,52.47,Pago móvil,Frecuente,Facebook Marketplace,Cotopaxi,0
330,2024-03-10,Porta vasos,Hogar,5,13.34,66.7,Tarjeta,Frecuente,Instagram,Chimborazo,1
331,2024-06-12,Bandeja de madera,Hogar,4,14.31,57.24,Tarjeta,Frecuente,Instagram,Cotopaxi,1
332,2024-07-05,Porta vasos,Hogar,4,8.52,34.08,Efectivo,Nuevo,Instagram,Azuay,2
333,2024-12-28,Decoración de pared,Decoración,4,10.54,42.16,Transferencia,Frecuente,WhatsApp,Azuay,1
334,2024-12-10,Tabla de cortar,Cocina,4,16.19,64.76,Pago móvil,Nuevo,WhatsApp,Pichincha,1
335,2024-07-12,Bandeja de madera,Hogar,4,20.56,82.24,Efectivo,Frecuente,Facebook Marketplace,Guayas,0
336,2024-10-05,Porta vasos,Hogar,4,10.81,43.24,Efectivo,Frecuente,Tienda física,Tungurahua,1
337,2024-03-26,Cuchara de madera,Cocina,3,6.29,18.87,Efectivo,Frecuente,WhatsApp,Chimborazo,2
338,2024-04-23,Tabla de cortar,Cocina,3,8.11,24.33,Transferencia,Frecuente,WhatsApp,Chimborazo,2
339,2024-12-19,Porta vasos,Hogar,5,12.95,64.75,Transferencia,Frecuente,Tienda física,Chimborazo,1
340,2024-02-29,Tabla de cortar,Cocina,1,10.95,10.95,Transferencia,Frecuente,WhatsApp,Cotopaxi,1
341,2024-09-04,Porta vasos,Hogar,5,13.06,65.3,Tarjeta,Frecuente,Tienda física,Chimborazo,1
342,2024-02-04,Organizador de escritorio,Hogar,3,16.66,49.98,Tarjeta,Nuevo,Tienda física,Tungurahua,1
343,2024-05-04,Bandeja de madera,Hogar,2,20.42,40.84,Transferencia,Nuevo,WhatsApp,Guayas,0
344,2024-07-26,Porta vasos,Hogar,2,14.63,29.26,Transferencia,Nuevo,Facebook Marketplace,Chimborazo,1
345,2024-08-18,Tabla de cortar,Cocina,2,15.37,30.74,Pago móvil,Frecuente,Tienda física,Azuay,1
346,2024-10-22,Cuchara de madera,Cocina,1,4.03,4.03,Efectivo,Nuevo,WhatsApp,Cotopaxi,2
347,2024-12-09,Cuchara de madera,Cocina,3,5.29,15.87,Pago móvil,Frecuente,Facebook Marketplace,Guayas,2
348,2024-06-29,Porta vasos,Hogar,3,11.28,33.84,Pago móvil,Nuevo,WhatsApp,Guayas,1
349,2024-06-09,Decoración de pared,Decoración,2,11.7,23.4,Efectivo,Nuevo,WhatsApp,Tungurahua,1
350,2024-09-18,Cuchara de madera,Cocina,2,4.87,9.74,Pago móvil,Frecuente,Instagram,Guayas,2
351,2024-11-21,Porta vasos,Hogar,4,9.81,39.24,Transferencia,Nuevo,Facebook Marketplace,Cotopaxi,2
352,2024-11-13,Cuchara de madera,Cocina,4,3.94,15.76,Efectivo,Frecuente,Tienda física,Chimborazo,2
353,2024-10-14,Cuchara de madera,Cocina,4,3.98,15.92,Pago móvil,Frecuente,Facebook Marketplace,Chimborazo,2
354,2024-03-26,Organizador de escritorio,Hogar,4,18.24,72.96,Efectivo,Nuevo,Instagram,Cotopaxi,0
355,2024-05-27,Tabla de cortar,Cocina,5,10.75,53.75,Transferencia,Frecuente,Facebook Marketplace,Guayas,1
356,2024-05-17,Decoración de pared,Decoración,1,12.26,12.26,Tarjeta,Nuevo,Facebook Marketplace,Guayas,1
357,2024-11-30,Cuchara de madera,Cocina,1,7.95,7.95,Transferencia,Frecuente,Tienda física,Chimborazo,2
358,2024-08-12,Bandeja de madera,Hogar,1,16.53,16.53,Efectivo,Nuevo,Instagram,Azuay,1
359,2024-11-19,Decoración de pared,Decoración,5,23.78,118.9,Pago móvil,Nuevo,Instagram,Pichincha,0
360,2024-06-28,Cuchara de madera,Cocina,5,7.03,35.15,Tarjeta,Nuevo,WhatsApp,Azuay,2
361,2024-09-20,Bandeja de madera,Hogar,3,15.76,47.28,Efectivo,Nuevo,Facebook Marketplace,Tungurahua,1
362,2024-12-25,Bandeja de madera,Hogar,2,23.27,46.54,Transferencia,Nuevo,Instagram,Azuay,0
363,2024-09-07,Bandeja de madera,Hogar,4,22.77,91.08,Transferencia,Frecuente,Facebook Marketplace,Chimborazo,0
364,2024-07-25,Porta vasos,Hogar,1,6.68,6.68,Tarjeta,Frecuente,Facebook Marketplace,Chimborazo,2
365,2024-08-22,Bandeja de madera,Hogar,1,19.57,19.57,Tarjeta,Nuevo,Facebook Marketplace,Pichincha,0
366,2024-05-17,Porta vasos,Hogar,4,13.42,53.68,Tarjeta,Frecuente,WhatsApp,Guayas,1
367,2024-06-24,Decoración de pared,Decoración,4,12.61,50.44,Efectivo,Nuevo,Tienda física,Azuay,1
368,2024-08-13,Porta vasos,Hogar,2,6.15,12.3,Pago móvil,Nuevo,Facebook Marketplace,Pichincha,2
369,2024-03-22,Organizador de escritorio,Hogar,3,19.0,57.0,Tarjeta,Nuevo,WhatsApp,Cotopaxi,0
370,2024-01-27,Tabla de cortar,Cocina,2,11.72,23.44,Pago móvil,Frecuente,Instagram,Chimborazo,1
371,2024-01-01,Organizador de escritorio,Hogar,1,10.0,10.0,Transferencia,Frecuente,Tienda física,Pichincha,2
372,2024-01-05,Decoración de pared,Decoración,4,14.52,58.08,Efectivo,Frecuente,Tienda física,Chimborazo,1
373,2024-04-27,Organizador de escritorio,Hogar,1,10.45,10.45,Pago móvil,Nuevo,Tienda física,Tungurahua,1
374,2024-03-11,Bandeja de madera,Hogar,3,16.78,50.34,Pago móvil,Nuevo,Instagram,Tungurahua,1
375,2024-11-28,Decoración de pared,Decoración,5,21.27,106.35,Transferencia,Frecuente,WhatsApp,Azuay,0
376,2024-07-29,Cuchara de madera,Cocina,2,6.14,12.28,Pago móvil,Nuevo,Tienda física,Tungurahua,2
377,2024-07-15,Cuchara de madera,Cocina,5,6.76,33.8,Tarjeta,Frecuente,WhatsApp,Pichincha,2
378,2024-05-07,Cuchara de madera,Cocina,1,4.38,4.38,Tarjeta,Nuevo,WhatsApp,Pichincha,2
379,2024-07-19,Decoración de pared,Decoración,2,22.14,44.28,Tarjeta,Nuevo,Instagram,Chimborazo,0
380,2024-11-22,Porta vasos,Hogar,4,7.01,28.04,Efectivo,Nuevo,WhatsApp,Cotopaxi,2
381,2024-08-03,Cuchara de madera,Cocina,5,4.93,24.65,Tarjeta,Nuevo,Facebook Marketplace,Tungurahua,2
382,2024-05-14,Tabla de cortar,Cocina,1,13.87,13.87,Transferencia,Nuevo,Tienda física,Chimborazo,1
383,2024-07-31,Decoración de pared,Decoración,5,15.73,78.65,Pago móvil,Frecuente,Tienda física,Azuay,1
384,2024-05-22,Decoración de pared,Decoración,2,20.75,41.5,Efectivo,Frecuente,Tienda física,Guayas,0
385,2024-10-01,Cuchara de madera,Cocina,2,7.87,15.74,Tarjeta,Frecuente,Tienda física,Cotopaxi,2
386,2024-01-30,Organizador de escritorio,Hogar,2,13.81,27.62,Transferencia,Nuevo,Facebook Marketplace,Tungurahua,1
387,2024-06-07,Porta vasos,Hogar,1,11.51,11.51,Transferencia,Nuevo,Tienda física,Azuay,1
388,2024-09-11,Cuchara de madera,Cocina,2,6.51,13.02,Tarjeta,Frecuente,Instagram,Cotopaxi,2
389,2024-03-01,Cuchara de madera,Cocina,3,6.75,20.25,Efectivo,Frecuente,Facebook Marketplace,Cotopaxi,2
390,2024-11-17,Decoración de pared,Decoración,5,11.28,56.4,Efectivo,Frecuente,Facebook Marketplace,Guayas,1
391,2024-03-26,Bandeja de madera,Hogar,5,12.72,63.6,Tarjeta,Nuevo,WhatsApp,Tungurahua,1
392,2024-04-26,Decoración de pared,Decoración,1,23.48,23.48,Efectivo,Nuevo,Tienda física,Pichincha,0
393,2024-03-17,Tabla de cortar,Cocina,4,12.72,50.88,Transferencia,Nuevo,Facebook Marketplace,Pichincha,1
394,2024-05-18,Bandeja de madera,Hogar,3,15.23,45.69,Efectivo,Frecuente,Tienda física,Guayas,1
395,2024-04-24,Organizador de escritorio,Hogar,2,18.92,37.84,Efectivo,Frecuente,Tienda física,Chimborazo,0
396,2024-06-16,Bandeja de madera,Hogar,3,22.06,66.18,Efectivo,Frecuente,Tienda física,Cotopaxi,0
397,2024-11-14,Cuchara de madera,Cocina,3,4.46,13.38,Transferencia,Frecuente,WhatsApp,Guayas,2
398,2024-10-06,Porta vasos,Hogar,2,14.98,29.96,Transferencia,Nuevo,Tienda física,Chimborazo,1
399,2024-11-21,Tabla de cortar,Cocina,3,10.33,30.99,Efectivo,Frecuente,Tienda física,Azuay,1
400,2024-02-23,Porta vasos,Hogar,3,13.64,40.92,Transferencia,Nuevo,Facebook Marketplace,Chimborazo,1
401,2024-12-30,Tabla de cortar,Cocina,2,17.73,35.46,Tarjeta,Nuevo,Tienda física,Pichincha,0
402,2024-08-22,Decoración de pared,Decoración,3,18.26,54.78,Efectivo,Nuevo,Instagram,Azuay,0
403,2024-02-01,Porta vasos,Hogar,5,6.67,33.35,Pago móvil,Nuevo,Instagram,Cotopaxi,2
404,2024-12-24,Bandeja de madera,Hogar,4,23.06,92.24,Tarjeta,Frecuente,Facebook Marketplace,Cotopaxi,0
405,2024-03-10,Cuchara de madera,Cocina,2,3.37,6.74,Efectivo,Nuevo,Tienda física,Pichincha,2
406,2024-03-02,Porta vasos,Hogar,4,10.19,40.76,Tarjeta,Nuevo,Facebook Marketplace,Cotopaxi,2
407,2024-02-16,Porta vasos,Hogar,1,8.39,8.39,Transferencia,Frecuente,Tienda física,Pichincha,2
408,2024-07-01,Bandeja de madera,Hogar,2,13.93,27.86,Pago móvil,Nuevo,WhatsApp,Cotopaxi,1
409,2024-08-19,Cuchara de madera,Cocina,4,3.16,12.64,Transferencia,Nuevo,Facebook Marketplace,Tungurahua,2
410,2024-04-23,Cuchara de madera,Cocina,1,3.61,3.61,Transferencia,Nuevo,Facebook Marketplace,Cotopaxi,2
411,2024-10-25,Organizador de escritorio,Hogar,1,15.93,15.93,Tarjeta,Nuevo,Tienda física,Tungurahua,1
412,2024-03-06,Cuchara de madera,Cocina,4,7.51,30.04,Efectivo,Frecuente,Tienda física,Tungurahua,2
413,2024-08-09,Porta vasos,Hogar,5,6.46,32.3,Pago móvil,Frecuente,Tienda física,Chimborazo,2
414,2024-04-19,Organizador de escritorio,Hogar,3,13.69,41.07,Transferencia,Frecuente,WhatsApp,Chimborazo,1
415,2024-11-11,Cuchara de madera,Cocina,5,3.17,15.85,Transferencia,Frecuente,Facebook Marketplace,Chimborazo,2
416,2024-05-23,Decoración de pared,Decoración,1,19.58,19.58,Pago móvil,Nuevo,Facebook Marketplace,Pichincha,0
417,2024-05-07,Organizador de escritorio,Hogar,5,18.73,93.65,Efectivo,Frecuente,WhatsApp,Chimborazo,0
418,2024-10-16,Decoración de pared,Decoración,3,25.63,76.89,Tarjeta,Frecuente,WhatsApp,Pichincha,0
419,2024-01-16,Tabla de cortar,Cocina,2,11.19,22.38,Tarjeta,Nuevo,Facebook Marketplace,Guayas,1
420,2024-03-22,Bandeja de madera,Hogar,2,21.97,43.94,Efectivo,Nuevo,Instagram,Cotopaxi,0
421,2024-04-22,Decoración de pared,Decoración,1,26.33,26.33,Pago móvil,Frecuente,Instagram,Pichincha,0
422,2024-10-29,Cuchara de madera,Cocina,3,5.96,17.88,Efectivo,Frecuente,Instagram,Guayas,2
423,2024-10-04,Cuchara de madera,Cocina,4,7.18,28.72,Tarjeta,Nuevo,Facebook Marketplace,Tungurahua,2
424,2024-04-22,Tabla de cortar,Cocina,5,8.56,42.8,Efectivo,Frecuente,Tienda física,Cotopaxi,2
425,2024-06-23,Decoración de pared,Decoración,2,14.03,28.06,Transferencia,Frecuente,Tienda física,Tungurahua,1
426,2024-02-26,Cuchara de madera,Cocina,2,5.93,11.86,Tarjeta,Nuevo,WhatsApp,Azuay,2
427,2024-06-21,Organizador de escritorio,Hogar,1,13.35,13.35,Tarjeta,Frecuente,Instagram,Pichincha,1
428,2024-11-28,Organizador de escritorio,Hogar,4,19.44,77.76,Tarjeta,Nuevo,WhatsApp,Pichincha,0
429,2024-07-12,Organizador de escritorio,Hogar,2,15.48,30.96,Tarjeta,Frecuente,Instagram,Pichincha,1
430,2024-07-19,Organizador de escritorio,Hogar,5,9.02,45.1,Efectivo,Nuevo,WhatsApp,Guayas,2
431,2024-09-11,Cuchara de madera,Cocina,1,6.2,6.2,Transferencia,Frecuente,Tienda física,Pichincha,2
432,2024-11-21,Bandeja de madera,Hogar,2,24.77,49.54,Efectivo,Frecuente,Facebook Marketplace,Tungurahua,0
433,2024-06-28,Bandeja de madera,Hogar,1,14.73,14.73,Tarjeta,Nuevo,Tienda física,Tungurahua,1
434,2024-03-26,Porta vasos,Hogar,4,9.94,39.76,Pago móvil,Frecuente,Facebook Marketplace,Cotopaxi,2
435,2024-10-22,Decoración de pared,Decoración,4,17.51,70.04,Transferencia,Nuevo,Facebook Marketplace,Tungurahua,0
436,2024-05-13,Tabla de cortar,Cocina,3,10.95,32.85,Efectivo,Nuevo,WhatsApp,Pichincha,1
437,2024-10-07,Porta vasos,Hogar,1,7.45,7.45,Efectivo,Frecuente,Facebook Marketplace,Azuay,2
438,2024-11-06,Tabla de cortar,Cocina,2,12.31,24.62,Pago móvil,Nuevo,Tienda física,Tungurahua,1
439,2024-07-28,Bandeja de madera,Hogar,2,14.67,29.34,Tarjeta,Frecuente,WhatsApp,Pichincha,1
440,2024-10-08,Tabla de cortar,Cocina,5,8.5,42.5,Pago móvil,Nuevo,Tienda física,Cotopaxi,2
441,2024-12-04,Tabla de cortar,Cocina,3,12.28,36.84,Pago móvil,Nuevo,Tienda física,Tungurahua,1
442,2024-02-11,Cuchara de madera,Cocina,3,3.85,11.55,Pago móvil,Nuevo,WhatsApp,Chimborazo,2
443,2024-02-16,Porta vasos,Hogar,3,10.4,31.2,Pago móvil,Nuevo,WhatsApp,Chimborazo,1
444,2024-05-14,Bandeja de madera,Hogar,1,14.43,14.43,Pago móvil,Frecuente,WhatsApp,Pichincha,1
445,2024-12-22,Bandeja de madera,Hogar,2,19.34,38.68,Efectivo,Nuevo,WhatsApp,Guayas,0
446,2024-04-26,Porta vasos,Hogar,5,14.74,73.7,Efectivo,Frecuente,Facebook Marketplace,Guayas,1
447,2024-10-20,Organizador de escritorio,Hogar,4,18.54,74.16,Transferencia,Frecuente,WhatsApp,Tungurahua,0
448,2024-09-14,Porta vasos,Hogar,1,14.12,14.12,Transferencia,Nuevo,Facebook Marketplace,Pichincha,1
449,2024-03-05,Cuchara de madera,Cocina,2,7.86,15.72,Efectivo,Frecuente,Tienda física,Azuay,2
450,2024-10-31,Porta vasos,Hogar,2,7.82,15.64,Tarjeta,Frecuente,Tienda física,Tungurahua,2
451,2024-06-15,Porta vasos,Hogar,5,11.01,55.05,Tarjeta,Frecuente,Tienda física,Azuay,1
452,2024-02-27,Decoración de pared,Decoración,4,21.75,87.0,Pago móvil,Nuevo,Instagram,Guayas,0
453,2024-02-24,Decoración de pared,Decoración,1,21.65,21.65,Efectivo,Frecuente,WhatsApp,Chimborazo,0
454,2024-10-19,Bandeja de madera,Hogar,4,16.98,67.92,Pago móvil,Nuevo,Instagram,Cotopaxi,1
455,2024-12-14,Porta vasos,Hogar,5,7.29,36.45,Pago móvil,Nuevo,Facebook Marketplace,Cotopaxi,2
456,2024-05-17,Organizador de escritorio,Hogar,4,11.61,46.44,Tarjeta,Nuevo,WhatsApp,Cotopaxi,1
457,2024-12-22,Bandeja de madera,Hogar,4,15.64,62.56,Efectivo,Nuevo,Instagram,Cotopaxi,1
458,2024-05-17,Organizador de escritorio,Hogar,3,13.87,41.61,Pago móvil,Nuevo,Instagram,Chimborazo,1
459,2024-09-05,Cuchara de madera,Cocina,4,7.57,30.28,Tarjeta,Nuevo,Instagram,Tungurahua,2
460,2024-03-10,Bandeja de madera,Hogar,4,21.22,84.88,Efectivo,Nuevo,Instagram,Pichincha,0
461,2024-01-26,Tabla de cortar,Cocina,4,10.49,41.96,Tarjeta,Nuevo,WhatsApp,Cotopaxi,1
462,2024-12-14,Porta vasos,Hogar,1,10.55,10.55,Efectivo,Nuevo,WhatsApp,Chimborazo,1
463,2024-10-27,Decoración de pared,Decoración,4,18.92,75.68,Tarjeta,Frecuente,Instagram,Cotopaxi,0
464,2024-05-25,Organizador de escritorio,Hogar,1,18.14,18.14,Efectivo,Frecuente,Tienda física,Pichincha,0
465,2024-04-23,Decoración de pared,Decoración,2,25.6,51.2,Transferencia,Nuevo,WhatsApp,Azuay,0
466,2024-08-30,Porta vasos,Hogar,1,10.62,10.62,Transferencia,Nuevo,Tienda física,Pichincha,1
467,2024-12-30,Bandeja de madera,Hogar,3,19.91,59.73,Tarjeta,Frecuente,Facebook Marketplace,Cotopaxi,0
468,2024-06-03,Porta vasos,Hogar,4,8.27,33.08,Pago móvil,Nuevo,Tienda física,Guayas,2
469,2024-10-14,Organizador de escritorio,Hogar,3,19.63,58.89,Tarjeta,Frecuente,Tienda física,Chimborazo,0
470,2024-11-23,Tabla de cortar,Cocina,3,11.36,34.08,Tarjeta,Frecuente,WhatsApp,Azuay,1
471,2024-04-06,Organizador de escritorio,Hogar,3,19.47,58.41,Transferencia,Nuevo,Tienda física,Guayas,0
472,2024-01-14,Porta vasos,Hogar,2,11.94,23.88,Pago móvil,Frecuente,WhatsApp,Chimborazo,1
473,2024-10-25,Porta vasos,Hogar,1,9.49,9.49,Transferencia,Frecuente,Instagram,Azuay,2
474,2024-12-09,Decoración de pared,Decoración,4,22.77,91.08,Tarjeta,Frecuente,Instagram,Azuay,0
475,2024-08-29,Decoración de pared,Decoración,1,13.62,13.62,Transferencia,Frecuente,Instagram,Azuay,1
476,2024-06-30,Bandeja de madera,Hogar,2,20.51,41.02,Transferencia,Frecuente,Facebook Marketplace,Cotopaxi,0
477,2024-08-25,Bandeja de madera,Hogar,3,15.39,46.17,Efectivo,Frecuente,Tienda física,Azuay,1
478,2024-02-06,Decoración de pared,Decoración,5,21.61,108.05,Pago móvil,Nuevo,Tienda física,Azuay,0
479,2024-01-28,Porta vasos,Hogar,4,10.77,43.08,Transferencia,Nuevo,Instagram,Cotopaxi,1
480,2024-03-14,Porta vasos,Hogar,4,14.88,59.52,Tarjeta,Nuevo,Tienda física,Chimborazo,1
481,2024-06-09,Bandeja de madera,Hogar,2,20.2,40.4,Efectivo,Nuevo,Facebook Marketplace,Cotopaxi,0
482,2024-10-22,Cuchara de madera,Cocina,2,6.81,13.62,Transferencia,Frecuente,Tienda física,Pichincha,2
483,2024-07-25,Decoración de pared,Decoración,4,18.67,74.68,Pago móvil,Frecuente,Facebook Marketplace,Tungurahua,0
484,2024-01-08,Tabla de cortar,Cocina,3,13.34,40.02,Tarjeta,Nuevo,Tienda física,Azuay,1
485,2024-04-25,Tabla de cortar,Cocina,2,14.27,28.54,Tarjeta,Frecuente,Instagram,Tungurahua,1
486,2024-03-26,Porta vasos,Hogar,3,10.53,31.59,Efectivo,Nuevo,WhatsApp,Cotopaxi,1
487,2024-09-25,Porta vasos,Hogar,5,12.55,62.75,Tarjeta,Frecuente,Instagram,Cotopaxi,1
488,2024-03-25,Porta vasos,Hogar,2,9.23,18.46,Pago móvil,Nuevo,Instagram,Pichincha,2
489,2024-01-12,Organizador de escritorio,Hogar,2,19.83,39.66,Transferencia,Nuevo,WhatsApp,Azuay,0
490,2024-11-23,Organizador de escritorio,Hogar,4,17.71,70.84,Tarjeta,Nuevo,Tienda física,Azuay,0
491,2024-01-25,Tabla de cortar,Cocina,1,14.54,14.54,Efectivo,Frecuente,Facebook Marketplace,Chimborazo,1
492,2024-12-25,Tabla de cortar,Cocina,4,13.47,53.88,Transferencia,Nuevo,Tienda física,Cotopaxi,1
493,2024-05-18,Porta vasos,Hogar,5,11.95,59.75,Transferencia,Frecuente,Tienda física,Guayas,1
494,2024-02-28,Organizador de escritorio,Hogar,3,15.79,47.37,Efectivo,Frecuente,Instagram,Guayas,1
495,2024-04-13,Cuchara de madera,Cocina,5,6.89,34.45,Tarjeta,Frecuente,WhatsApp,Pichincha,2
496,2024-12-18,Tabla de cortar,Cocina,2,13.48,26.96,Pago móvil,Frecuente,Instagram,Tungurahua,1
497,2024-10-20,Tabla de cortar,Cocina,1,14.72,14.72,Pago móvil,Nuevo,Tienda física,Guayas,1
498,2024-05-11,Tabla de cortar,Cocina,1,15.24,15.24,Transferencia,Frecuente,WhatsApp,Cotopaxi,1
499,2024-01-21,Porta vasos,Hogar,2,6.45,12.9,Tarjeta,Frecuente,WhatsApp,Chimborazo,2
500,2024-01-05,Organizador de escritorio,Hogar,1,10.27,10.27,Transferencia,Nuevo,WhatsApp,Cotopaxi,1
501,2024-02-17,Porta vasos,Hogar,3,14.6,43.8,Tarjeta,Frecuente,Instagram,Tungurahua,1
502,2024-05-19,Porta vasos,Hogar,4,9.6,38.4,Pago móvil,Frecuente,Facebook Marketplace,Azuay,2
503,2024-03-22,Cuchara de madera,Cocina,1,3.57,3.57,Efectivo,Frecuente,Facebook Marketplace,Guayas,2
504,2024-07-13,Organizador de escritorio,Hogar,5,13.82,69.1,Tarjeta,Nuevo,Instagram,Chimborazo,1
505,2024-08-13,Porta vasos,Hogar,4,7.02,28.08,Efectivo,Nuevo,WhatsApp,Azuay,2
506,2024-10-22,Bandeja de madera,Hogar,5,12.16,60.8,Transferencia,Frecuente,Tienda física,Chimborazo,1
507,2024-06-26,Organizador de escritorio,Hogar,4,16.99,67.96,Pago móvil,Nuevo,Tienda física,Tungurahua,1
508,2024-08-28,Organizador de escritorio,Hogar,5,19.28,96.4,Pago móvil,Nuevo,Tienda física,Chimborazo,0
509,2024-01-26,Bandeja de madera,Hogar,3,15.13,45.39,Transferencia,Frecuente,Facebook Marketplace,Pichincha,1
510,2024-08-17,Tabla de cortar,Cocina,5,12.59,62.95,Efectivo,Frecuente,Facebook Marketplace,Cotopaxi,1
511,2024-02-22,Tabla de cortar,Cocina,1,17.81,17.81,Pago móvil,Frecuente,Tienda física,Guayas,0
512,2024-11-05,Decoración de pared,Decoración,1,10.0,10.0,Tarjeta,Nuevo,Facebook Marketplace,Cotopaxi,2
513,2024-08-20,Bandeja de madera,Hogar,2,22.73,45.46,Tarjeta,Frecuente,WhatsApp,Azuay,0
514,2024-01-02,Porta vasos,Hogar,2,7.03,14.06,Tarjeta,Frecuente,WhatsApp,Guayas,2
515,2024-01-24,Decoración de pared,Decoración,1,17.48,17.48,Transferencia,Frecuente,Instagram,Azuay,0
516,2024-05-10,Organizador de escritorio,Hogar,1,16.94,16.94,Transferencia,Nuevo,Tienda física,Chimborazo,1
517,2024-06-22,Cuchara de madera,Cocina,2,5.29,10.58,Efectivo,Frecuente,Tienda física,Azuay,2
518,2024-08-22,Organizador de escritorio,Hogar,4,15.48,61.92,Transferencia,Frecuente,Tienda física,Guayas,1
519,2024-10-26,Organizador de escritorio,Hogar,4,9.53,38.12,Pago móvil,Nuevo,Instagram,Azuay,2
520,2024-11-06,Cuchara de madera,Cocina,5,3.52,17.6,Tarjeta,Frecuente,Facebook Marketplace,Guayas,2
521,2024-07-22,Organizador de escritorio,Hogar,3,17.39,52.17,Tarjeta,Frecuente,Facebook Marketplace,Pichincha,1
522,2024-06-02,Cuchara de madera,Cocina,5,5.06,25.3,Tarjeta,Nuevo,Instagram,Pichincha,2
523,2024-12-10,Decoración de pared,Decoración,3,24.29,72.87,Transferencia,Nuevo,WhatsApp,Azuay,0
524,2024-09-02,Tabla de cortar,Cocina,5,15.61,78.05,Pago móvil,Frecuente,Facebook Marketplace,Tungurahua,1
525,2024-03-15,Decoración de pared,Decoración,4,12.13,48.52,Efectivo,Nuevo,Instagram,Cotopaxi,1
526,2024-03-15,Cuchara de madera,Cocina,3,7.92,23.76,Efectivo,Frecuente,Instagram,Guayas,2
527,2024-02-22,Tabla de cortar,Cocina,4,11.59,46.36,Transferencia,Frecuente,Instagram,Guayas,1
528,2024-07-14,Organizador de escritorio,Hogar,1,12.16,12.16,Pago móvil,Frecuente,WhatsApp,Guayas,1
529,2024-04-13,Tabla de cortar,Cocina,3,8.13,24.39,Pago móvil,Nuevo,WhatsApp,Guayas,2
530,2024-04-09,Decoración de pared,Decoración,2,24.77,49.54,Tarjeta,Frecuente,Instagram,Azuay,0
531,2024-09-20,Tabla de cortar,Cocina,2,9.87,19.74,Efectivo,Frecuente,Tienda física,Chimborazo,2
532,2024-03-23,Bandeja de madera,Hogar,2,19.24,38.48,Tarjeta,Nuevo,WhatsApp,Chimborazo,0
533,2024-03-19,Organizador de escritorio,Hogar,1,19.31,19.31,Tarjeta,Nuevo,WhatsApp,Chimborazo,0
534,2024-12-28,Decoración de pared,Decoración,1,21.0,21.0,Tarjeta,Nuevo,Instagram,Guayas,0
535,2024-07-31,Tabla de cortar,Cocina,2,15.86,31.72,Pago móvil,Nuevo,WhatsApp,Pichincha,1
536,2024-07-03,Cuchara de madera,Cocina,3,6.32,18.96,Tarjeta,Nuevo,Facebook Marketplace,Guayas,2
537,2024-08-16,Organizador de escritorio,Hogar,3,9.1,27.3,Transferencia,Nuevo,Tienda física,Azuay,2
538,2024-07-16,Bandeja de madera,Hogar,1,16.96,16.96,Tarjeta,Frecuente,Tienda física,Guayas,1
539,2024-08-16,Bandeja de madera,Hogar,5,18.69,93.45,Pago móvil,Nuevo,WhatsApp,Azuay,0
540,2024-02-19,Cuchara de madera,Cocina,1,4.6,4.6,Transferencia,Nuevo,Tienda física,Pichincha,2
541,2024-12-16,Organizador de escritorio,Hogar,2,15.92,31.84,Pago móvil,Nuevo,Instagram,Guayas,1
542,2024-11-27,Organizador de escritorio,Hogar,4,18.67,74.68,Efectivo,Nuevo,Tienda física,Chimborazo,0
543,2024-02-07,Organizador de escritorio,Hogar,1,12.65,12.65,Efectivo,Nuevo,WhatsApp,Guayas,1
544,2024-05-12,Tabla de cortar,Cocina,2,13.75,27.5,Pago móvil,Frecuente,Facebook Marketplace,Azuay,1
545,2024-07-18,Porta vasos,Hogar,1,9.9,9.9,Efectivo,Nuevo,Tienda física,Azuay,2
546,2024-07-02,Decoración de pared,Decoración,1,10.91,10.91,Efectivo,Frecuente,WhatsApp,Guayas,1
547,2024-07-14,Tabla de cortar,Cocina,4,10.82,43.28,Pago móvil,Nuevo,Facebook Marketplace,Pichincha,1
548,2024-10-06,Decoración de pared,Decoración,4,14.4,57.6,Tarjeta,Nuevo,WhatsApp,Azuay,1
549,2024-10-10,Organizador de escritorio,Hogar,1,16.13,16.13,Transferencia,Nuevo,Tienda física,Tungurahua,1
550,2024-10-07,Decoración de pared,Decoración,5,21.93,109.65,Efectivo,Frecuente,Instagram,Azuay,0
551,2024-04-18,Organizador de escritorio,Hogar,3,18.94,56.82,Pago móvil,Nuevo,Instagram,Pichincha,0
552,2024-04-09,Cuchara de madera,Cocina,3,6.08,18.24,Efectivo,Nuevo,Tienda física,Guayas,2
553,2024-05-28,Porta vasos,Hogar,1,11.8,11.8,Efectivo,Frecuente,Tienda física,Pichincha,1
554,2024-07-01,Organizador de escritorio,Hogar,3,15.39,46.17,Transferencia,Nuevo,Tienda física,Cotopaxi,1
555,2024-06-11,Decoración de pared,Decoración,2,11.4,22.8,Pago móvil,Frecuente,WhatsApp,Guayas,1
556,2024-03-19,Organizador de escritorio,Hogar,5,12.36,61.8,Tarjeta,Frecuente,Facebook Marketplace,Pichincha,1
557,2024-12-30,Tabla de cortar,Cocina,2,11.13,22.26,Pago móvil,Frecuente,WhatsApp,Pichincha,1
558,2024-08-24,Organizador de escritorio,Hogar,4,17.06,68.24,Pago móvil,Frecuente,WhatsApp,Chimborazo,1
559,2024-02-11,Decoración de pared,Decoración,5,12.18,60.9,Tarjeta,Nuevo,Instagram,Cotopaxi,1
560,2024-02-08,Organizador de escritorio,Hogar,1,18.75,18.75,Efectivo,Nuevo,Facebook Marketplace,Guayas,0
561,2024-05-13,Cuchara de madera,Cocina,5,7.53,37.65,Pago móvil,Nuevo,WhatsApp,Chimborazo,2
562,2024-05-28,Cuchara de madera,Cocina,5,7.46,37.3,Transferencia,Frecuente,Tienda física,Chimborazo,2
563,2024-11-10,Bandeja de madera,Hogar,2,18.53,37.06,Transferencia,Nuevo,Facebook Marketplace,Pichincha,0
564,2024-12-03,Cuchara de madera,Cocina,5,5.83,29.15,Transferencia,Frecuente,WhatsApp,Tungurahua,2
565,2024-02-02,Cuchara de madera,Cocina,2,6.81,13.62,Tarjeta,Frecuente,Instagram,Tungurahua,2
566,2024-07-17,Organizador de escritorio,Hogar,3,11.27,33.81,Pago móvil,Frecuente,Tienda física,Tungurahua,1
567,2024-11-20,Organizador de escritorio,Hogar,5,12.56,62.8,Tarjeta,Frecuente,Instagram,Chimborazo,1
568,2024-11-30,Organizador de escritorio,Hogar,5,13.16,65.8,Efectivo,Frecuente,Facebook Marketplace,Pichincha,1
569,2024-09-06,Decoración de pared,Decoración,3,18.12,54.36,Pago móvil,Nuevo,Instagram,Chimborazo,0
570,2024-11-25,Cuchara de madera,Cocina,5,4.15,20.75,Tarjeta,Nuevo,Instagram,Pichincha,2
571,2024-12-04,Cuchara de madera,Cocina,1,4.81,4.81,Transferencia,Frecuente,WhatsApp,Azuay,2
572,2024-09-02,Tabla de cortar,Cocina,4,12.82,51.28,Transferencia,Nuevo,Facebook Marketplace,Tungurahua,1
573,2024-10-30,Cuchara de madera,Cocina,5,3.22,16.1,Transferencia,Nuevo,Tienda física,Guayas,2
574,2024-04-02,Cuchara de madera,Cocina,3,3.28,9.84,Pago móvil,Nuevo,WhatsApp,Tungurahua,2
575,2024-09-03,Cuchara de madera,Cocina,4,5.25,21.0,Transferencia,Nuevo,Facebook Marketplace,Guayas,2
576,2024-11-15,Cuchara de madera,Cocina,2,6.97,13.94,Tarjeta,Nuevo,WhatsApp,Chimborazo,2
577,2024-07-12,Decoración de pared,Decoración,2,21.81,43.62,Pago móvil,Nuevo,Tienda física,Tungurahua,0
578,2024-12-16,Cuchara de madera,Cocina,5,5.61,28.05,Pago móvil,Nuevo,Tienda física,Pichincha,2
579,2024-01-20,Porta vasos,Hogar,5,14.11,70.55,Efectivo,Nuevo,Facebook Marketplace,Azuay,1
580,2024-01-01,Cuchara de madera,Cocina,5,7.51,37.55,Pago móvil,Frecuente,WhatsApp,Tungurahua,2
581,2024-09-03,Organizador de escritorio,Hogar,2,14.83,29.66,Pago móvil,Frecuente,Tienda física,Chimborazo,1
582,2024-02-12,Cuchara de madera,Cocina,2,4.27,8.54,Tarjeta,Frecuente,WhatsApp,Pichincha,2
583,2024-10-22,Tabla de cortar,Cocina,1,15.09,15.09,Efectivo,Nuevo,Facebook Marketplace,Azuay,1
584,2024-07-28,Cuchara de madera,Cocina,3,6.44,19.32,Tarjeta,Nuevo,Instagram,Chimborazo,2
585,2024-10-01,Organizador de escritorio,Hogar,3,15.44,46.32,Pago móvil,Frecuente,WhatsApp,Azuay,1
586,2024-10-09,Porta vasos,Hogar,4,12.79,51.16,Pago móvil,Nuevo,WhatsApp,Guayas,1
587,2024-10-22,Decoración de pared,Decoración,3,19.68,59.04,Tarjeta,Frecuente,Instagram,Azuay,0
588,2024-12-24,Tabla de cortar,Cocina,4,15.48,61.92,Transferencia,Nuevo,Instagram,Guayas,1
589,2024-11-10,Porta vasos,Hogar,5,13.07,65.35,Efectivo,Nuevo,Facebook Marketplace,Azuay,1
590,2024-08-29,Tabla de cortar,Cocina,2,16.04,32.08,Pago móvil,Nuevo,Tienda física,Cotopaxi,1
591,2024-01-20,Cuchara de madera,Cocina,5,4.85,24.25,Pago móvil,Frecuente,WhatsApp,Azuay,2
592,2024-11-23,Decoración de pared,Decoración,2,11.15,22.3,Pago móvil,Frecuente,Tienda física,Pichincha,1
593,2024-05-26,Organizador de escritorio,Hogar,5,19.24,96.2,Transferencia,Nuevo,Instagram,Guayas,0
594,2024-05-02,Cuchara de madera,Cocina,3,6.37,19.11,Efectivo,Nuevo,Tienda física,Cotopaxi,2
595,2024-07-26,Porta vasos,Hogar,4,9.18,36.72,Transferencia,Nuevo,Tienda física,Tungurahua,2
596,2024-10-25,Decoración de pared,Decoración,5,15.69,78.45,Tarjeta,Frecuente,WhatsApp,Pichincha,1
597,2024-07-25,Decoración de pared,Decoración,4,29.26,117.04,Efectivo,Frecuente,Instagram,Chimborazo,0
598,2024-09-14,Decoración de pared,Decoración,1,12.13,12.13,Tarjeta,Frecuente,Tienda física,Guayas,1
599,2024-05-08,Bandeja de madera,Hogar,5,23.39,116.95,Pago móvil,Frecuente,Facebook Marketplace,Pichincha,0
600,2024-12-14,Bandeja de madera,Hogar,4,24.5,98.0,Pago móvil,Nuevo,Facebook Marketplace,Tungurahua,0
601,2024-12-12,Bandeja de madera,Hogar,2,12.88,25.76,Transferencia,Frecuente,Facebook Marketplace,Cotopaxi,1
602,2024-05-07,Decoración de pared,Decoración,3,20.71,62.13,Tarjeta,Nuevo,Facebook Marketplace,Azuay,0
603,2024-10-10,Organizador de escritorio,Hogar,1,18.03,18.03,Transferencia,Frecuente,WhatsApp,Cotopaxi,0
604,2024-04-03,Cuchara de madera,Cocina,3,7.47,22.41,Transferencia,Frecuente,Instagram,Pichincha,2
605,2024-04-15,Organizador de escritorio,Hogar,3,11.66,34.98,Transferencia,Nuevo,Instagram,Guayas,1
606,2024-03-02,Bandeja de madera,Hogar,1,14.03,14.03,Efectivo,Frecuente,Tienda física,Guayas,1
607,2024-11-13,Tabla de cortar,Cocina,3,16.48,49.44,Tarjeta,Frecuente,WhatsApp,Chimborazo,1
608,2024-05-23,Cuchara de madera,Cocina,5,7.92,39.6,Pago móvil,Nuevo,Instagram,Tungurahua,2
609,2024-10-03,Decoración de pared,Decoración,4,25.99,103.96,Efectivo,Frecuente,Facebook Marketplace,Azuay,0
610,2024-12-23,Cuchara de madera,Cocina,1,5.29,5.29,Pago móvil,Frecuente,Tienda física,Tungurahua,2
611,2024-02-21,Organizador de escritorio,Hogar,5,11.32,56.6,Tarjeta,Frecuente,WhatsApp,Pichincha,1
612,2024-08-29,Decoración de pared,Decoración,3,15.26,45.78,Tarjeta,Frecuente,Instagram,Chimborazo,1
613,2024-07-05,Porta vasos,Hogar,3,7.89,23.67,Pago móvil,Frecuente,Facebook Marketplace,Pichincha,2
614,2024-12-17,Decoración de pared,Decoración,5,12.62,63.1,Transferencia,Nuevo,WhatsApp,Pichincha,1
615,2024-04-10,Decoración de pared,Decoración,4,18.64,74.56,Transferencia,Nuevo,Facebook Marketplace,Tungurahua,0
616,2024-11-18,Cuchara de madera,Cocina,2,5.11,10.22,Tarjeta,Frecuente,WhatsApp,Cotopaxi,2
617,2024-07-22,Decoración de pared,Decoración,1,27.17,27.17,Efectivo,Nuevo,Tienda física,Pichincha,0
618,2024-08-18,Bandeja de madera,Hogar,1,18.2,18.2,Tarjeta,Frecuente,WhatsApp,Cotopaxi,0
619,2024-06-25,Decoración de pared,Decoración,3,21.15,63.45,Efectivo,Frecuente,Tienda física,Cotopaxi,0
620,2024-10-22,Organizador de escritorio,Hogar,2,19.59,39.18,Transferencia,Frecuente,WhatsApp,Cotopaxi,0
621,2024-02-10,Organizador de escritorio,Hogar,4,14.61,58.44,Pago móvil,Frecuente,Facebook Marketplace,Azuay,1
622,2024-08-03,Cuchara de madera,Cocina,3,7.34,22.02,Pago móvil,Nuevo,Tienda física,Pichincha,2
623,2024-11-30,Bandeja de madera,Hogar,3,14.97,44.91,Tarjeta,Frecuente,Facebook Marketplace,Cotopaxi,1
624,2024-10-27,Porta vasos,Hogar,3,13.03,39.09,Pago móvil,Frecuente,Instagram,Pichincha,1
625,2024-12-04,Tabla de cortar,Cocina,2,9.25,18.5,Tarjeta,Nuevo,Instagram,Pichincha,2
626,2024-08-30,Porta vasos,Hogar,1,6.93,6.93,Efectivo,Nuevo,Facebook Marketplace,Guayas,2
627,2024-03-20,Tabla de cortar,Cocina,5,9.04,45.2,Efectivo,Frecuente,WhatsApp,Pichincha,2
628,2024-11-16,Cuchara de madera,Cocina,4,6.69,26.76,Transferencia,Nuevo,Instagram,Tungurahua,2
629,2024-08-31,Tabla de cortar,Cocina,3,14.64,43.92,Pago móvil,Frecuente,Facebook Marketplace,Pichincha,1
630,2024-11-01,Organizador de escritorio,Hogar,5,14.93,74.65,Pago móvil,Frecuente,WhatsApp,Cotopaxi,1
631,2024-08-14,Porta vasos,Hogar,1,10.86,10.86,Tarjeta,Frecuente,Facebook Marketplace,Cotopaxi,1
632,2024-09-24,Cuchara de madera,Cocina,1,4.52,4.52,Transferencia,Frecuente,WhatsApp,Chimborazo,2
633,2024-09-01,Decoración de pared,Decoración,4,10.17,40.68,Tarjeta,Nuevo,Facebook Marketplace,Cotopaxi,2
634,2024-10-07,Decoración de pared,Decoración,1,14.62,14.62,Tarjeta,Nuevo,Facebook Marketplace,Guayas,1
635,2024-11-26,Porta vasos,Hogar,2,9.55,19.1,Pago móvil,Frecuente,Instagram,Cotopaxi,2
636,2024-09-21,Tabla de cortar,Cocina,2,12.22,24.44,Tarjeta,Frecuente,WhatsApp,Chimborazo,1
637,2024-03-10,Cuchara de madera,Cocina,2,7.27,14.54,Tarjeta,Nuevo,Facebook Marketplace,Guayas,2
638,2024-09-08,Porta vasos,Hogar,5,8.45,42.25,Transferencia,Frecuente,Tienda física,Pichincha,2
639,2024-04-05,Tabla de cortar,Cocina,1,17.7,17.7,Efectivo,Frecuente,WhatsApp,Pichincha,0
640,2024-04-29,Organizador de escritorio,Hogar,1,13.82,13.82,Efectivo,Nuevo,Tienda física,Chimborazo,1
641,2024-09-12,Cuchara de madera,Cocina,3,4.71,14.13,Tarjeta,Frecuente,Tienda física,Cotopaxi,2
642,2024-01-29,Tabla de cortar,Cocina,2,16.44,32.88,Tarjeta,Frecuente,Tienda física,Guayas,1
643,2024-07-14,Porta vasos,Hogar,3,7.63,22.89,Efectivo,Nuevo,Instagram,Chimborazo,2
644,2024-04-11,Porta vasos,Hogar,1,8.22,8.22,Pago móvil,Nuevo,Instagram,Chimborazo,2
645,2024-06-14,Porta vasos,Hogar,3,12.13,36.39,Transferencia,Nuevo,Tienda física,Cotopaxi,1
646,2024-07-03,Porta vasos,Hogar,2,11.75,23.5,Efectivo,Nuevo,Tienda física,Pichincha,1
647,2024-03-26,Organizador de escritorio,Hogar,1,13.78,13.78,Tarjeta,Nuevo,Facebook Marketplace,Pichincha,1
648,2024-12-19,Tabla de cortar,Cocina,5,17.69,88.45,Pago móvil,Nuevo,WhatsApp,Tungurahua,0
649,2024-12-17,Cuchara de madera,Cocina,1,3.79,3.79,Tarjeta,Nuevo,Tienda física,Cotopaxi,2
650,2024-02-24,Organizador de escritorio,Hogar,5,10.69,53.45,Transferencia,Frecuente,Instagram,Cotopaxi,1
651,2024-08-12,Decoración de pared,Decoración,3,25.77,77.31,Transferencia,Nuevo,Facebook Marketplace,Cotopaxi,0
652,2024-09-05,Organizador de escritorio,Hogar,1,10.48,10.48,Pago móvil,Frecuente,Facebook Marketplace,Pichincha,1
653,2024-06-14,Decoración de pared,Decoración,3,13.73,41.19,Pago móvil,Frecuente,Instagram,Tungurahua,1
654,2024-05-14,Decoración de pared,Decoración,3,13.1,39.3,Tarjeta,Frecuente,Tienda física,Azuay,1
655,2024-01-10,Decoración de pared,Decoración,2,17.58,35.16,Tarjeta,Nuevo,WhatsApp,Azuay,0
656,2024-07-17,Tabla de cortar,Cocina,5,14.58,72.9,Transferencia,Frecuente,Instagram,Guayas,1
657,2024-02-26,Bandeja de madera,Hogar,3,16.19,48.57,Efectivo,Nuevo,Tienda física,Pichincha,1
658,2024-02-24,Cuchara de madera,Cocina,2,7.37,14.74,Pago móvil,Nuevo,Tienda física,Tungurahua,2
659,2024-12-02,Decoración de pared,Decoración,4,22.84,91.36,Pago móvil,Frecuente,Tienda física,Cotopaxi,0
660,2024-01-07,Cuchara de madera,Cocina,1,6.03,6.03,Transferencia,Frecuente,Tienda física,Chimborazo,2
661,2024-07-31,Organizador de escritorio,Hogar,5,9.67,48.35,Tarjeta,Nuevo,WhatsApp,Guayas,2
662,2024-02-09,Tabla de cortar,Cocina,3,15.34,46.02,Transferencia,Nuevo,Tienda física,Azuay,1
663,2024-04-08,Cuchara de madera,Cocina,2,5.66,11.32,Transferencia,Nuevo,Facebook Marketplace,Azuay,2
664,2024-07-02,Tabla de cortar,Cocina,5,15.66,78.3,Pago móvil,Frecuente,Tienda física,Pichincha,1
665,2024-06-21,Cuchara de madera,Cocina,5,5.75,28.75,Transferencia,Frecuente,WhatsApp,Cotopaxi,2
666,2024-07-09,Decoración de pared,Decoración,3,29.83,89.49,Pago móvil,Frecuente,WhatsApp,Guayas,0
667,2024-07-11,Cuchara de madera,Cocina,2,5.82,11.64,Tarjeta,Frecuente,Facebook Marketplace,Chimborazo,2
668,2024-05-25,Porta vasos,Hogar,1,6.0,6.0,Efectivo,Nuevo,WhatsApp,Tungurahua,2
669,2024-06-10,Bandeja de madera,Hogar,2,24.8,49.6,Efectivo,Frecuente,Instagram,Tungurahua,0
670,2024-03-11,Tabla de cortar,Cocina,2,12.6,25.2,Tarjeta,Frecuente,Instagram,Pichincha,1
671,2024-10-19,Bandeja de madera,Hogar,1,22.54,22.54,Pago móvil,Nuevo,Tienda física,Azuay,0
672,2024-09-06,Bandeja de madera,Hogar,2,22.31,44.62,Efectivo,Frecuente,Tienda física,Azuay,0
673,2024-06-20,Decoración de pared,Decoración,1,17.63,17.63,Tarjeta,Frecuente,Facebook Marketplace,Tungurahua,0
674,2024-01-06,Cuchara de madera,Cocina,5,6.74,33.7,Pago móvil,Nuevo,WhatsApp,Guayas,2
675,2024-03-17,Tabla de cortar,Cocina,5,11.19,55.95,Tarjeta,Nuevo,Instagram,Tungurahua,1
676,2024-08-16,Organizador de escritorio,Hogar,4,17.05,68.2,Efectivo,Nuevo,Facebook Marketplace,Cotopaxi,1
677,2024-02-12,Porta vasos,Hogar,3,7.33,21.99,Pago móvil,Nuevo,Facebook Marketplace,Cotopaxi,2
678,2024-12-23,Tabla de cortar,Cocina,4,11.99,47.96,Transferencia,Nuevo,Facebook Marketplace,Guayas,1
679,2024-04-10,Cuchara de madera,Cocina,5,5.44,27.2,Transferencia,Nuevo,Tienda física,Cotopaxi,2
680,2024-02-15,Porta vasos,Hogar,5,8.91,44.55,Efectivo,Frecuente,Facebook Marketplace,Cotopaxi,2
681,2024-10-31,Bandeja de madera,Hogar,3,14.48,43.44,Efectivo,Frecuente,Instagram,Cotopaxi,1
682,2024-11-15,Decoración de pared,Decoración,4,26.43,105.72,Transferencia,Frecuente,Tienda física,Pichincha,0
683,2024-02-13,Cuchara de madera,Cocina,2,6.43,12.86,Efectivo,Nuevo,Instagram,Guayas,2
684,2024-01-08,Cuchara de madera,Cocina,3,7.34,22.02,Tarjeta,Nuevo,WhatsApp,Chimborazo,2
685,2024-10-02,Porta vasos,Hogar,2,6.2,12.4,Transferencia,Nuevo,WhatsApp,Guayas,2
686,2024-12-21,Porta vasos,Hogar,2,11.61,23.22,Efectivo,Frecuente,Tienda física,Cotopaxi,1
687,2024-12-22,Cuchara de madera,Cocina,2,3.3,6.6,Tarjeta,Nuevo,Facebook Marketplace,Azuay,2
688,2024-12-05,Tabla de cortar,Cocina,3,8.67,26.01,Tarjeta,Nuevo,Tienda física,Cotopaxi,2
689,2024-09-17,Organizador de escritorio,Hogar,4,13.25,53.0,Efectivo,Frecuente,Facebook Marketplace,Guayas,1
690,2024-09-13,Decoración de pared,Decoración,2,11.76,23.52,Pago móvil,Nuevo,Tienda física,Pichincha,1
691,2024-07-20,Decoración de pared,Decoración,4,16.1,64.4,Transferencia,Nuevo,WhatsApp,Azuay,1
692,2024-04-30,Bandeja de madera,Hogar,3,16.62,49.86,Tarjeta,Nuevo,WhatsApp,Chimborazo,1
693,2024-04-25,Tabla de cortar,Cocina,3,17.44,52.32,Transferencia,Frecuente,Facebook Marketplace,Azuay,0
694,2024-09-23,Cuchara de madera,Cocina,4,3.44,13.76,Transferencia,Frecuente,Instagram,Guayas,2
695,2024-11-05,Cuchara de madera,Cocina,3,5.13,15.39,Tarjeta,Frecuente,Instagram,Pichincha,2
696,2024-12-16,Organizador de escritorio,Hogar,5,10.52,52.6,Transferencia,Nuevo,WhatsApp,Azuay,1
697,2024-08-08,Organizador de escritorio,Hogar,2,18.89,37.78,Transferencia,Nuevo,WhatsApp,Tungurahua,0
698,2024-04-04,Decoración de pared,Decoración,1,20.66,20.66,Tarjeta,Nuevo,Tienda física,Cotopaxi,0
699,2024-08-14,Porta vasos,Hogar,3,14.65,43.95,Tarjeta,Nuevo,Instagram,Tungurahua,1
700,2024-11-11,Cuchara de madera,Cocina,5,3.92,19.6,Tarjeta,Nuevo,Instagram,Pichincha,2
701,2024-12-18,Organizador de escritorio,Hogar,1,9.29,9.29,Pago móvil,Nuevo,Facebook Marketplace,Azuay,2
702,2024-09-08,Organizador de escritorio,Hogar,4,13.11,52.44,Pago móvil,Nuevo,Instagram,Pichincha,1
703,2024-05-18,Cuchara de madera,Cocina,1,3.16,3.16,Pago móvil,Nuevo,Instagram,Pichincha,2
704,2024-11-11,Tabla de cortar,Cocina,4,9.77,39.08,Pago móvil,Frecuente,Facebook Marketplace,Pichincha,2
705,2024-11-07,Porta vasos,Hogar,1,9.64,9.64,Pago móvil,Frecuente,Facebook Marketplace,Guayas,2
706,2024-09-25,Organizador de escritorio,Hogar,5,15.29,76.45,Efectivo,Nuevo,Facebook Marketplace,Chimborazo,1
707,2024-09-22,Tabla de cortar,Cocina,2,16.78,33.56,Pago móvil,Nuevo,Facebook Marketplace,Guayas,1
708,2024-05-29,Organizador de escritorio,Hogar,2,19.59,39.18,Pago móvil,Frecuente,WhatsApp,Cotopaxi,0
709,2024-11-09,Porta vasos,Hogar,3,7.5,22.5,Efectivo,Nuevo,Facebook Marketplace,Azuay,2
710,2024-02-27,Porta vasos,Hogar,5,6.81,34.05,Transferencia,Nuevo,Facebook Marketplace,Chimborazo,2
711,2024-08-20,Bandeja de madera,Hogar,2,17.86,35.72,Transferencia,Frecuente,Tienda física,Cotopaxi,0
712,2024-03-04,Bandeja de madera,Hogar,2,20.99,41.98,Efectivo,Nuevo,Facebook Marketplace,Azuay,0
713,2024-09-18,Bandeja de madera,Hogar,4,13.11,52.44,Transferencia,Frecuente,Facebook Marketplace,Tungurahua,1
714,2024-12-03,Cuchara de madera,Cocina,5,7.56,37.8,Transferencia,Nuevo,Instagram,Pichincha,2
715,2024-06-07,Organizador de escritorio,Hogar,3,9.56,28.68,Pago móvil,Frecuente,Instagram,Tungurahua,2
716,2024-11-14,Cuchara de madera,Cocina,1,7.8,7.8,Tarjeta,Nuevo,Facebook Marketplace,Chimborazo,2
717,2024-11-07,Porta vasos,Hogar,1,10.89,10.89,Pago móvil,Nuevo,Instagram,Guayas,1
718,2024-08-14,Organizador de escritorio,Hogar,4,14.23,56.92,Efectivo,Nuevo,Instagram,Guayas,1
719,2024-04-16,Bandeja de madera,Hogar,5,20.06,100.3,Efectivo,Nuevo,Instagram,Tungurahua,0
720,2024-01-17,Organizador de escritorio,Hogar,2,12.84,25.68,Tarjeta,Frecuente,Tienda física,Tungurahua,1
721,2024-03-23,Tabla de cortar,Cocina,2,12.17,24.34,Tarjeta,Nuevo,Facebook Marketplace,Azuay,1
722,2024-02-17,Decoración de pared,Decoración,1,17.2,17.2,Tarjeta,Frecuente,WhatsApp,Chimborazo,1
723,2024-02-03,Tabla de cortar,Cocina,5,15.58,77.9,Tarjeta,Frecuente,Instagram,Tungurahua,1
724,2024-09-26,Organizador de escritorio,Hogar,3,18.45,55.35,Pago móvil,Nuevo,Instagram,Guayas,0
725,2024-02-14,Tabla de cortar,Cocina,5,9.09,45.45,Pago móvil,Frecuente,Facebook Marketplace,Guayas,2
726,2024-11-15,Bandeja de madera,Hogar,5,15.38,76.9,Tarjeta,Nuevo,Facebook Marketplace,Guayas,1
727,2024-04-02,Organizador de escritorio,Hogar,4,15.95,63.8,Transferencia,Frecuente,Instagram,Tungurahua,1
728,2024-04-16,Tabla de cortar,Cocina,1,8.24,8.24,Pago móvil,Frecuente,Tienda física,Cotopaxi,2
729,2024-01-06,Bandeja de madera,Hogar,2,19.29,38.58,Transferencia,Frecuente,WhatsApp,Tungurahua,0
730,2024-06-14,Bandeja de madera,Hogar,5,15.9,79.5,Efectivo,Nuevo,WhatsApp,Cotopaxi,1
731,2024-01-15,Porta vasos,Hogar,5,12.52,62.6,Transferencia,Nuevo,WhatsApp,Cotopaxi,1
732,2024-01-19,Organizador de escritorio,Hogar,4,14.27,57.08,Transferencia,Frecuente,Instagram,Azuay,1
733,2024-06-20,Porta vasos,Hogar,5,14.03,70.15,Pago móvil,Frecuente,Tienda física,Guayas,1
734,2024-10-11,Bandeja de madera,Hogar,3,19.34,58.02,Efectivo,Nuevo,WhatsApp,Cotopaxi,0
735,2024-01-16,Tabla de cortar,Cocina,3,17.7,53.1,Tarjeta,Frecuente,Instagram,Guayas,0
736,2024-02-29,Decoración de pared,Decoración,5,17.79,88.95,Tarjeta,Frecuente,Tienda física,Cotopaxi,0
737,2024-07-09,Porta vasos,Hogar,2,6.78,13.56,Pago móvil,Frecuente,Instagram,Guayas,2
738,2024-01-20,Bandeja de madera,Hogar,3,14.28,42.84,Transferencia,Nuevo,Facebook Marketplace,Guayas,1
739,2024-03-19,Tabla de cortar,Cocina,5,15.99,79.95,Transferencia,Frecuente,Facebook Marketplace,Azuay,1
740,2024-03-14,Decoración de pared,Decoración,3,16.21,48.63,Efectivo,Nuevo,Instagram,Azuay,1
741,2024-02-29,Tabla de cortar,Cocina,5,12.59,62.95,Efectivo,Frecuente,Tienda física,Azuay,1
742,2024-08-27,Decoración de pared,Decoración,3,27.44,82.32,Efectivo,Nuevo,WhatsApp,Tungurahua,0
743,2024-06-13,Decoración de pared,Decoración,2,25.17,50.34,Transferencia,Nuevo,WhatsApp,Cotopaxi,0
744,2024-12-09,Decoración de pared,Decoración,4,16.38,65.52,Efectivo,Frecuente,Instagram,Pichincha,1
745,2024-10-13,Bandeja de madera,Hogar,5,13.49,67.45,Efectivo,Nuevo,WhatsApp,Guayas,1
746,2024-10-20,Bandeja de madera,Hogar,3,15.52,46.56,Transferencia,Nuevo,Tienda física,Cotopaxi,1
747,2024-08-15,Decoración de pared,Decoración,5,27.84,139.2,Efectivo,Nuevo,Tienda física,Chimborazo,0
748,2024-01-28,Organizador de escritorio,Hogar,4,9.56,38.24,Efectivo,Frecuente,Facebook Marketplace,Pichincha,2
749,2024-11-18,Organizador de escritorio,Hogar,5,15.56,77.8,Pago móvil,Frecuente,WhatsApp,Cotopaxi,1
750,2024-02-10,Cuchara de madera,Cocina,5,6.56,32.8,Pago móvil,Nuevo,Tienda física,Azuay,2
751,2024-12-16,Porta vasos,Hogar,3,6.88,20.64,Pago móvil,Frecuente,Instagram,Pichincha,2
752,2024-05-12,Cuchara de madera,Cocina,5,7.31,36.55,Tarjeta,Frecuente,Instagram,Azuay,2
753,2024-08-20,Organizador de escritorio,Hogar,3,12.63,37.89,Pago móvil,Nuevo,Tienda física,Chimborazo,1
754,2024-03-28,Tabla de cortar,Cocina,4,11.51,46.04,Tarjeta,Frecuente,Instagram,Guayas,1
755,2024-06-15,Tabla de cortar,Cocina,1,12.06,12.06,Efectivo,Frecuente,Facebook Marketplace,Chimborazo,1
756,2024-05-04,Decoración de pared,Decoración,5,18.27,91.35,Transferencia,Frecuente,Facebook Marketplace,Tungurahua,0
757,2024-08-08,Bandeja de madera,Hogar,5,14.71,73.55,Pago móvil,Frecuente,Instagram,Pichincha,1
758,2024-09-06,Organizador de escritorio,Hogar,5,16.37,81.85,Efectivo,Frecuente,WhatsApp,Guayas,1
759,2024-06-06,Tabla de cortar,Cocina,2,16.22,32.44,Pago móvil,Nuevo,Tienda física,Azuay,1
760,2024-06-16,Decoración de pared,Decoración,4,25.43,101.72,Pago móvil,Nuevo,Tienda física,Pichincha,0
761,2024-03-16,Cuchara de madera,Cocina,1,7.44,7.44,Transferencia,Frecuente,WhatsApp,Chimborazo,2
762,2024-04-15,Decoración de pared,Decoración,2,21.56,43.12,Tarjeta,Frecuente,WhatsApp,Chimborazo,0
763,2024-02-15,Organizador de escritorio,Hogar,3,19.81,59.43,Efectivo,Frecuente,Instagram,Cotopaxi,0
764,2024-01-28,Tabla de cortar,Cocina,5,11.69,58.45,Efectivo,Frecuente,Tienda física,Cotopaxi,1
765,2024-07-20,Tabla de cortar,Cocina,5,10.35,51.75,Tarjeta,Frecuente,Facebook Marketplace,Chimborazo,1
766,2024-08-31,Porta vasos,Hogar,2,10.91,21.82,Transferencia,Nuevo,Facebook Marketplace,Cotopaxi,1
767,2024-03-09,Porta vasos,Hogar,2,7.39,14.78,Efectivo,Nuevo,Tienda física,Pichincha,2
768,2024-03-10,Organizador de escritorio,Hogar,4,18.73,74.92,Efectivo,Nuevo,Facebook Marketplace,Chimborazo,0
769,2024-11-15,Organizador de escritorio,Hogar,4,15.65,62.6,Transferencia,Frecuente,Facebook Marketplace,Guayas,1
770,2024-04-05,Porta vasos,Hogar,2,9.46,18.92,Pago móvil,Nuevo,Facebook Marketplace,Azuay,2
771,2024-07-29,Cuchara de madera,Cocina,3,6.56,19.68,Tarjeta,Nuevo,Tienda física,Guayas,2
772,2024-10-24,Porta vasos,Hogar,1,12.34,12.34,Pago móvil,Nuevo,Instagram,Azuay,1
773,2024-08-26,Organizador de escritorio,Hogar,3,14.79,44.37,Efectivo,Nuevo,Instagram,Chimborazo,1
774,2024-12-16,Organizador de escritorio,Hogar,1,17.16,17.16,Tarjeta,Nuevo,WhatsApp,Guayas,1
775,2024-08-28,Tabla de cortar,Cocina,5,12.69,63.45,Tarjeta,Frecuente,WhatsApp,Cotopaxi,1
776,2024-06-04,Bandeja de madera,Hogar,5,14.18,70.9,Tarjeta,Nuevo,Facebook Marketplace,Guayas,1
777,2024-11-15,Cuchara de madera,Cocina,3,5.86,17.58,Efectivo,Frecuente,Facebook Marketplace,Tungurahua,2
778,2024-05-09,Cuchara de madera,Cocina,3,5.53,16.59,Transferencia,Frecuente,WhatsApp,Cotopaxi,2
779,2024-03-30,Tabla de cortar,Cocina,5,15.41,77.05,Transferencia,Frecuente,WhatsApp,Pichincha,1
780,2024-09-05,Bandeja de madera,Hogar,2,22.17,44.34,Transferencia,Nuevo,WhatsApp,Tungurahua,0
781,2024-09-10,Cuchara de madera,Cocina,2,5.98,11.96,Pago móvil,Frecuente,Instagram,Azuay,2
782,2024-04-17,Porta vasos,Hogar,2,12.53,25.06,Tarjeta,Nuevo,WhatsApp,Tungurahua,1
783,2024-08-31,Tabla de cortar,Cocina,4,9.68,38.72,Tarjeta,Frecuente,Instagram,Chimborazo,2
784,2024-05-14,Organizador de escritorio,Hogar,4,16.76,67.04,Transferencia,Frecuente,Tienda física,Cotopaxi,1
785,2024-09-28,Porta vasos,Hogar,3,9.44,28.32,Efectivo,Nuevo,WhatsApp,Chimborazo,2
786,2024-06-20,Decoración de pared,Decoración,3,28.36,85.08,Tarjeta,Frecuente,Tienda física,Cotopaxi,0
787,2024-12-11,Organizador de escritorio,Hogar,4,15.43,61.72,Transferencia,Nuevo,WhatsApp,Azuay,1
788,2024-10-07,Organizador de escritorio,Hogar,3,19.93,59.79,Efectivo,Nuevo,Tienda física,Tungurahua,0
789,2024-12-16,Porta vasos,Hogar,1,6.88,6.88,Pago móvil,Frecuente,Instagram,Azuay,2
790,2024-01-13,Bandeja de madera,Hogar,1,15.27,15.27,Efectivo,Nuevo,Instagram,Guayas,1
791,2024-02-14,Organizador de escritorio,Hogar,1,10.34,10.34,Transferencia,Frecuente,Instagram,Tungurahua,1
792,2024-08-27,Organizador de escritorio,Hogar,3,11.03,33.09,Efectivo,Frecuente,WhatsApp,Chimborazo,1
793,2024-05-11,Organizador de escritorio,Hogar,3,18.94,56.82,Transferencia,Nuevo,WhatsApp,Tungurahua,0
794,2024-05-12,Porta vasos,Hogar,1,9.5,9.5,Tarjeta,Nuevo,Facebook Marketplace,Tungurahua,2
795,2024-11-08,Porta vasos,Hogar,2,14.81,29.62,Pago móvil,Nuevo,Facebook Marketplace,Tungurahua,1
796,2024-04-21,Cuchara de madera,Cocina,4,5.7,22.8,Efectivo,Frecuente,WhatsApp,Tungurahua,2
797,2024-05-08,Tabla de cortar,Cocina,5,8.73,43.65,Pago móvil,Nuevo,Facebook Marketplace,Pichincha,2
798,2024-12-06,Organizador de escritorio,Hogar,1,16.04,16.04,Pago móvil,Frecuente,Instagram,Azuay,1
799,2024-01-02,Bandeja de madera,Hogar,5,23.76,118.8,Pago móvil,Frecuente,Facebook Marketplace,Chimborazo,0
800,2024-10-03,Organizador de escritorio,Hogar,1,17.59,17.59,Transferencia,Nuevo,Facebook Marketplace,Azuay,0
801,2024-07-02,Porta vasos,Hogar,5,7.09,35.45,Tarjeta,Frecuente,Facebook Marketplace,Tungurahua,2
802,2024-07-06,Organizador de escritorio,Hogar,1,19.97,19.97,Tarjeta,Nuevo,Facebook Marketplace,Cotopaxi,0
803,2024-01-21,Organizador de escritorio,Hogar,5,11.23,56.15,Pago móvil,Nuevo,WhatsApp,Azuay,1
804,2024-09-06,Porta vasos,Hogar,3,14.07,42.21,Efectivo,Frecuente,Instagram,Pichincha,1
805,2024-05-02,Tabla de cortar,Cocina,5,9.93,49.65,Pago móvil,Frecuente,Tienda física,Guayas,2
806,2024-08-18,Organizador de escritorio,Hogar,5,12.39,61.95,Efectivo,Nuevo,WhatsApp,Tungurahua,1
807,2024-07-26,Bandeja de madera,Hogar,1,22.24,22.24,Efectivo,Nuevo,Facebook Marketplace,Azuay,0
808,2024-04-29,Decoración de pared,Decoración,5,12.98,64.9,Efectivo,Nuevo,Instagram,Chimborazo,1
809,2024-01-24,Organizador de escritorio,Hogar,5,9.21,46.05,Transferencia,Nuevo,Tienda física,Pichincha,2
810,2024-02-19,Organizador de escritorio,Hogar,3,9.55,28.65,Pago móvil,Nuevo,Tienda física,Tungurahua,2
811,2024-04-22,Tabla de cortar,Cocina,5,12.97,64.85,Efectivo,Nuevo,Facebook Marketplace,Cotopaxi,1
812,2024-03-02,Organizador de escritorio,Hogar,3,16.46,49.38,Transferencia,Frecuente,Instagram,Tungurahua,1
813,2024-03-02,Decoración de pared,Decoración,1,13.47,13.47,Tarjeta,Nuevo,Facebook Marketplace,Pichincha,1
814,2024-08-12,Organizador de escritorio,Hogar,2,13.07,26.14,Transferencia,Nuevo,Instagram,Tungurahua,1
815,2024-01-09,Organizador de escritorio,Hogar,2,15.74,31.48,Pago móvil,Nuevo,Tienda física,Tungurahua,1
816,2024-05-25,Cuchara de madera,Cocina,5,7.63,38.15,Pago móvil,Frecuente,Instagram,Pichincha,2
817,2024-08-18,Cuchara de madera,Cocina,5,6.2,31.0,Pago móvil,Nuevo,Instagram,Guayas,2
818,2024-09-12,Organizador de escritorio,Hogar,2,9.41,18.82,Efectivo,Frecuente,WhatsApp,Chimborazo,2
819,2024-03-01,Tabla de cortar,Cocina,2,13.58,27.16,Efectivo,Frecuente,Instagram,Chimborazo,1
820,2024-01-28,Organizador de escritorio,Hogar,3,16.25,48.75,Transferencia,Nuevo,Instagram,Azuay,1
821,2024-12-09,Porta vasos,Hogar,2,10.48,20.96,Efectivo,Nuevo,WhatsApp,Cotopaxi,1
822,2024-11-11,Cuchara de madera,Cocina,3,5.17,15.51,Pago móvil,Nuevo,Tienda física,Azuay,2
823,2024-03-21,Tabla de cortar,Cocina,2,17.25,34.5,Efectivo,Frecuente,Tienda física,Tungurahua,1
824,2024-10-23,Cuchara de madera,Cocina,5,6.61,33.05,Tarjeta,Frecuente,Instagram,Azuay,2
825,2024-02-26,Organizador de escritorio,Hogar,2,18.88,37.76,Tarjeta,Nuevo,Tienda física,Pichincha,0
826,2024-07-11,Organizador de escritorio,Hogar,2,13.54,27.08,Transferencia,Nuevo,Facebook Marketplace,Guayas,1
827,2024-03-15,Porta vasos,Hogar,4,6.49,25.96,Transferencia,Frecuente,Instagram,Chimborazo,2
828,2024-11-19,Bandeja de madera,Hogar,2,13.77,27.54,Tarjeta,Frecuente,Instagram,Cotopaxi,1
829,2024-01-31,Cuchara de madera,Cocina,5,3.16,15.8,Tarjeta,Nuevo,Tienda física,Chimborazo,2
830,2024-04-22,Porta vasos,Hogar,3,9.76,29.28,Tarjeta,Nuevo,Instagram,Guayas,2
831,2024-07-29,Decoración de pared,Decoración,1,27.1,27.1,Pago móvil,Nuevo,Facebook Marketplace,Chimborazo,0
832,2024-05-06,Bandeja de madera,Hogar,4,12.19,48.76,Transferencia,Frecuente,Facebook Marketplace,Guayas,1
833,2024-03-17,Cuchara de madera,Cocina,5,7.46,37.3,Efectivo,Frecuente,Tienda física,Tungurahua,2
834,2024-01-18,Porta vasos,Hogar,5,12.6,63.0,Pago móvil,Frecuente,Facebook Marketplace,Azuay,1
835,2024-02-12,Tabla de cortar,Cocina,2,12.52,25.04,Efectivo,Frecuente,Instagram,Pichincha,1
836,2024-01-09,Bandeja de madera,Hogar,1,15.85,15.85,Pago móvil,Frecuente,Instagram,Azuay,1
837,2024-01-13,Porta vasos,Hogar,5,13.72,68.6,Pago móvil,Frecuente,Instagram,Azuay,1
838,2024-11-16,Porta vasos,Hogar,3,7.66,22.98,Pago móvil,Nuevo,Tienda física,Chimborazo,2
839,2024-05-31,Organizador de escritorio,Hogar,1,12.66,12.66,Pago móvil,Frecuente,Instagram,Azuay,1
840,2024-01-29,Tabla de cortar,Cocina,3,14.2,42.6,Tarjeta,Nuevo,Tienda física,Chimborazo,1
841,2024-07-06,Bandeja de madera,Hogar,1,18.05,18.05,Tarjeta,Nuevo,Tienda física,Guayas,0
842,2024-06-20,Organizador de escritorio,Hogar,2,17.51,35.02,Transferencia,Nuevo,Facebook Marketplace,Azuay,0
843,2024-04-25,Decoración de pared,Decoración,2,27.42,54.84,Tarjeta,Frecuente,WhatsApp,Guayas,0
844,2024-02-02,Organizador de escritorio,Hogar,1,13.65,13.65,Tarjeta,Frecuente,Facebook Marketplace,Chimborazo,1
845,2024-08-28,Decoración de pared,Decoración,1,20.53,20.53,Tarjeta,Frecuente,WhatsApp,Azuay,0
846,2024-04-06,Organizador de escritorio,Hogar,1,17.9,17.9,Pago móvil,Nuevo,Tienda física,Chimborazo,0
847,2024-02-25,Cuchara de madera,Cocina,1,4.44,4.44,Transferencia,Frecuente,Tienda física,Azuay,2
848,2024-09-23,Cuchara de madera,Cocina,2,5.48,10.96,Efectivo,Frecuente,Facebook Marketplace,Azuay,2
849,2024-06-26,Decoración de pared,Decoración,4,28.63,114.52,Pago móvil,Frecuente,Tienda física,Cotopaxi,0
850,2024-09-23,Cuchara de madera,Cocina,2,3.31,6.62,Tarjeta,Frecuente,WhatsApp,Azuay,2
851,2024-10-30,Organizador de escritorio,Hogar,4,17.66,70.64,Pago móvil,Frecuente,WhatsApp,Guayas,0
852,2024-03-28,Cuchara de madera,Cocina,3,7.49,22.47,Tarjeta,Nuevo,Facebook Marketplace,Cotopaxi,2
853,2024-03-16,Bandeja de madera,Hogar,1,22.01,22.01,Tarjeta,Frecuente,Facebook Marketplace,Pichincha,0
854,2024-05-26,Decoración de pared,Decoración,5,28.48,142.4,Transferencia,Nuevo,Instagram,Pichincha,0
855,2024-10-21,Cuchara de madera,Cocina,3,3.58,10.74,Transferencia,Frecuente,WhatsApp,Cotopaxi,2
856,2024-12-06,Cuchara de madera,Cocina,1,4.03,4.03,Tarjeta,Frecuente,Instagram,Cotopaxi,2
857,2024-09-30,Porta vasos,Hogar,2,10.86,21.72,Tarjeta,Nuevo,Tienda física,Chimborazo,1
858,2024-06-12,Porta vasos,Hogar,4,12.92,51.68,Transferencia,Nuevo,WhatsApp,Azuay,1
859,2024-10-20,Organizador de escritorio,Hogar,3,12.25,36.75,Transferencia,Frecuente,WhatsApp,Azuay,1
860,2024-03-12,Tabla de cortar,Cocina,1,15.32,15.32,Efectivo,Frecuente,Tienda física,Chimborazo,1
861,2024-07-01,Decoración de pared,Decoración,4,26.82,107.28,Efectivo,Frecuente,Tienda física,Guayas,0
862,2024-04-23,Organizador de escritorio,Hogar,5,11.15,55.75,Tarjeta,Nuevo,Tienda física,Tungurahua,1
863,2024-09-19,Decoración de pared,Decoración,1,26.99,26.99,Pago móvil,Nuevo,Facebook Marketplace,Cotopaxi,0
864,2024-12-07,Decoración de pared,Decoración,1,22.1,22.1,Tarjeta,Frecuente,Instagram,Azuay,0
865,2024-01-07,Porta vasos,Hogar,3,9.33,27.99,Tarjeta,Frecuente,WhatsApp,Cotopaxi,2
866,2024-04-20,Porta vasos,Hogar,1,13.87,13.87,Pago móvil,Frecuente,Facebook Marketplace,Cotopaxi,1
867,2024-07-31,Cuchara de madera,Cocina,4,7.03,28.12,Transferencia,Nuevo,Instagram,Pichincha,2
868,2024-06-20,Bandeja de madera,Hogar,5,18.17,90.85,Efectivo,Frecuente,Tienda física,Tungurahua,0
869,2024-07-31,Porta vasos,Hogar,3,11.75,35.25,Transferencia,Frecuente,Instagram,Pichincha,1
870,2024-10-10,Cuchara de madera,Cocina,3,7.16,21.48,Pago móvil,Nuevo,WhatsApp,Guayas,2
871,2024-04-24,Bandeja de madera,Hogar,4,18.42,73.68,Efectivo,Nuevo,Instagram,Cotopaxi,0
872,2024-03-04,Bandeja de madera,Hogar,4,24.43,97.72,Tarjeta,Frecuente,Instagram,Chimborazo,0
873,2024-03-02,Organizador de escritorio,Hogar,1,16.09,16.09,Tarjeta,Frecuente,Tienda física,Guayas,1
874,2024-10-16,Organizador de escritorio,Hogar,4,12.98,51.92,Pago móvil,Frecuente,Facebook Marketplace,Azuay,1
875,2024-01-09,Tabla de cortar,Cocina,5,11.73,58.65,Tarjeta,Nuevo,Tienda física,Pichincha,1
876,2024-07-01,Bandeja de madera,Hogar,2,17.99,35.98,Transferencia,Nuevo,WhatsApp,Cotopaxi,0
877,2024-01-25,Porta vasos,Hogar,3,11.73,35.19,Tarjeta,Frecuente,Tienda física,Guayas,1
878,2024-02-18,Cuchara de madera,Cocina,2,6.83,13.66,Transferencia,Frecuente,WhatsApp,Azuay,2
879,2024-02-19,Bandeja de madera,Hogar,3,15.53,46.59,Tarjeta,Nuevo,Tienda física,Pichincha,1
880,2024-07-29,Decoración de pared,Decoración,4,15.63,62.52,Tarjeta,Nuevo,Tienda física,Pichincha,1
881,2024-10-13,Cuchara de madera,Cocina,2,5.52,11.04,Efectivo,Frecuente,Facebook Marketplace,Tungurahua,2
882,2024-09-02,Tabla de cortar,Cocina,1,16.19,16.19,Tarjeta,Frecuente,WhatsApp,Pichincha,1
883,2024-09-24,Porta vasos,Hogar,5,14.01,70.05,Tarjeta,Nuevo,WhatsApp,Tungurahua,1
884,2024-03-06,Organizador de escritorio,Hogar,2,17.96,35.92,Transferencia,Nuevo,WhatsApp,Pichincha,0
885,2024-08-05,Cuchara de madera,Cocina,1,3.65,3.65,Efectivo,Nuevo,Tienda física,Chimborazo,2
886,2024-01-17,Porta vasos,Hogar,1,6.38,6.38,Efectivo,Frecuente,Tienda física,Cotopaxi,2
887,2024-02-19,Tabla de cortar,Cocina,1,8.66,8.66,Efectivo,Nuevo,Instagram,Pichincha,2
888,2024-03-15,Organizador de escritorio,Hogar,1,12.87,12.87,Tarjeta,Frecuente,WhatsApp,Pichincha,1
889,2024-05-03,Decoración de pared,Decoración,5,25.62,128.1,Efectivo,Nuevo,Tienda física,Guayas,0
890,2024-03-28,Cuchara de madera,Cocina,3,6.58,19.74,Efectivo,Nuevo,Instagram,Guayas,2
891,2024-04-04,Organizador de escritorio,Hogar,5,14.22,71.1,Pago móvil,Nuevo,Instagram,Cotopaxi,1
892,2024-04-26,Porta vasos,Hogar,5,9.82,49.1,Pago móvil,Nuevo,WhatsApp,Tungurahua,2
893,2024-09-10,Porta vasos,Hogar,2,6.99,13.98,Tarjeta,Frecuente,Tienda física,Tungurahua,2
894,2024-05-25,Bandeja de madera,Hogar,4,18.42,73.68,Pago móvil,Frecuente,Facebook Marketplace,Pichincha,0
895,2024-04-06,Decoración de pared,Decoración,4,18.15,72.6,Efectivo,Frecuente,WhatsApp,Pichincha,0
896,2024-12-10,Tabla de cortar,Cocina,4,17.99,71.96,Efectivo,Frecuente,Facebook Marketplace,Guayas,0
897,2024-03-14,Organizador de escritorio,Hogar,1,16.44,16.44,Pago móvil,Frecuente,Tienda física,Azuay,1
898,2024-06-22,Cuchara de madera,Cocina,2,3.32,6.64,Transferencia,Frecuente,Tienda física,Pichincha,2
899,2024-12-31,Porta vasos,Hogar,3,12.53,37.59,Tarjeta,Frecuente,WhatsApp,Chimborazo,1
900,2024-09-05,Organizador de escritorio,Hogar,4,15.63,62.52,Tarjeta,Nuevo,Facebook Marketplace,Tungurahua,1
901,2024-04-28,Tabla de cortar,Cocina,4,10.51,42.04,Transferencia,Nuevo,Tienda física,Azuay,1
902,2024-12-13,Tabla de cortar,Cocina,4,16.3,65.2,Efectivo,Nuevo,Facebook Marketplace,Guayas,1
903,2024-11-14,Organizador de escritorio,Hogar,3,12.6,37.8,Efectivo,Nuevo,Facebook Marketplace,Chimborazo,1
904,2024-09-08,Cuchara de madera,Cocina,4,4.47,17.88,Tarjeta,Frecuente,Tienda física,Tungurahua,2
905,2024-07-15,Porta vasos,Hogar,1,13.92,13.92,Pago móvil,Frecuente,Facebook Marketplace,Chimborazo,1
906,2024-10-12,Porta vasos,Hogar,2,6.32,12.64,Tarjeta,Nuevo,Facebook Marketplace,Chimborazo,2
907,2024-09-06,Cuchara de madera,Cocina,4,4.56,18.24,Efectivo,Frecuente,Facebook Marketplace,Chimborazo,2
908,2024-01-29,Decoración de pared,Decoración,5,27.09,135.45,Pago móvil,Frecuente,Facebook Marketplace,Guayas,0
909,2024-05-25,Porta vasos,Hogar,3,11.55,34.65,Tarjeta,Nuevo,Tienda física,Guayas,1
910,2024-06-27,Tabla de cortar,Cocina,3,9.28,27.84,Efectivo,Frecuente,Facebook Marketplace,Tungurahua,2
911,2024-07-29,Porta vasos,Hogar,3,9.11,27.33,Tarjeta,Nuevo,Instagram,Pichincha,2
912,2024-02-13,Cuchara de madera,Cocina,5,6.24,31.2,Efectivo,Frecuente,Tienda física,Cotopaxi,2
913,2024-01-20,Cuchara de madera,Cocina,3,3.1,9.3,Pago móvil,Frecuente,Facebook Marketplace,Cotopaxi,2
914,2024-01-12,Tabla de cortar,Cocina,5,14.96,74.8,Tarjeta,Frecuente,Facebook Marketplace,Cotopaxi,1
915,2024-02-21,Decoración de pared,Decoración,4,11.95,47.8,Transferencia,Frecuente,Facebook Marketplace,Guayas,1
916,2024-06-02,Organizador de escritorio,Hogar,5,12.73,63.65,Tarjeta,Frecuente,Instagram,Chimborazo,1
917,2024-10-01,Organizador de escritorio,Hogar,1,18.32,18.32,Transferencia,Frecuente,WhatsApp,Tungurahua,0
918,2024-04-25,Bandeja de madera,Hogar,4,24.95,99.8,Efectivo,Nuevo,WhatsApp,Cotopaxi,0
919,2024-08-31,Tabla de cortar,Cocina,5,13.66,68.3,Pago móvil,Nuevo,WhatsApp,Tungurahua,1
920,2024-06-02,Organizador de escritorio,Hogar,5,18.06,90.3,Pago móvil,Frecuente,Instagram,Chimborazo,0
921,2024-08-20,Porta vasos,Hogar,5,8.26,41.3,Transferencia,Nuevo,Instagram,Guayas,2
922,2024-05-17,Porta vasos,Hogar,4,7.92,31.68,Pago móvil,Nuevo,Instagram,Cotopaxi,2
923,2024-12-16,Porta vasos,Hogar,2,7.33,14.66,Tarjeta,Frecuente,Facebook Marketplace,Cotopaxi,2
924,2024-05-16,Tabla de cortar,Cocina,4,14.34,57.36,Tarjeta,Nuevo,WhatsApp,Azuay,1
925,2024-02-28,Decoración de pared,Decoración,2,14.72,29.44,Transferencia,Nuevo,Tienda física,Pichincha,1
926,2024-08-11,Bandeja de madera,Hogar,5,18.03,90.15,Pago móvil,Nuevo,Instagram,Pichincha,0
927,2024-05-22,Bandeja de madera,Hogar,3,13.77,41.31,Transferencia,Nuevo,Facebook Marketplace,Tungurahua,1
928,2024-06-09,Tabla de cortar,Cocina,1,16.6,16.6,Tarjeta,Nuevo,Facebook Marketplace,Cotopaxi,1
929,2024-07-22,Organizador de escritorio,Hogar,1,16.23,16.23,Transferencia,Nuevo,Tienda física,Guayas,1
930,2024-09-24,Organizador de escritorio,Hogar,1,14.5,14.5,Tarjeta,Frecuente,Tienda física,Pichincha,1
931,2024-06-17,Decoración de pared,Decoración,3,12.45,37.35,Pago móvil,Nuevo,Facebook Marketplace,Pichincha,1
932,2024-05-20,Cuchara de madera,Cocina,2,3.53,7.06,Pago móvil,Frecuente,WhatsApp,Guayas,2
933,2024-12-24,Tabla de cortar,Cocina,3,12.9,38.7,Efectivo,Frecuente,Facebook Marketplace,Chimborazo,1
934,2024-03-15,Organizador de escritorio,Hogar,3,11.71,35.13,Tarjeta,Frecuente,WhatsApp,Cotopaxi,1
935,2024-01-18,Tabla de cortar,Cocina,5,14.45,72.25,Efectivo,Nuevo,WhatsApp,Guayas,1
936,2024-12-16,Porta vasos,Hogar,3,8.78,26.34,Efectivo,Nuevo,Facebook Marketplace,Chimborazo,2
937,2024-05-10,Tabla de cortar,Cocina,4,17.1,68.4,Tarjeta,Nuevo,Instagram,Cotopaxi,1
938,2024-08-12,Cuchara de madera,Cocina,2,7.3,14.6,Tarjeta,Frecuente,Tienda física,Cotopaxi,2
939,2024-08-29,Tabla de cortar,Cocina,4,16.23,64.92,Pago móvil,Frecuente,Facebook Marketplace,Tungurahua,1
940,2024-02-03,Cuchara de madera,Cocina,5,6.49,32.45,Tarjeta,Frecuente,WhatsApp,Chimborazo,2
941,2024-11-24,Organizador de escritorio,Hogar,1,9.3,9.3,Transferencia,Frecuente,Instagram,Tungurahua,2
942,2024-06-09,Porta vasos,Hogar,3,7.8,23.4,Efectivo,Nuevo,Instagram,Pichincha,2
943,2024-10-31,Decoración de pared,Decoración,2,24.27,48.54,Pago móvil,Frecuente,Facebook Marketplace,Chimborazo,0
944,2024-12-17,Organizador de escritorio,Hogar,2,10.47,20.94,Tarjeta,Frecuente,Instagram,Tungurahua,1
945,2024-07-12,Porta vasos,Hogar,4,9.31,37.24,Transferencia,Nuevo,Tienda física,Guayas,2
946,2024-02-15,Organizador de escritorio,Hogar,2,15.73,31.46,Pago móvil,Nuevo,WhatsApp,Azuay,1
947,2024-08-07,Cuchara de madera,Cocina,5,3.25,16.25,Tarjeta,Nuevo,Tienda física,Cotopaxi,2
948,2024-01-08,Cuchara de madera,Cocina,1,7.74,7.74,Pago móvil,Frecuente,Facebook Marketplace,Tungurahua,2
949,2024-05-16,Cuchara de madera,Cocina,2,6.57,13.14,Tarjeta,Frecuente,Facebook Marketplace,Pichincha,2
950,2024-04-20,Porta vasos,Hogar,5,13.71,68.55,Tarjeta,Nuevo,Facebook Marketplace,Pichincha,1
951,2024-05-28,Porta vasos,Hogar,1,13.13,13.13,Tarjeta,Nuevo,Facebook Marketplace,Pichincha,1
952,2024-02-13,Bandeja de madera,Hogar,4,19.58,78.32,Efectivo,Frecuente,Instagram,Cotopaxi,0
953,2024-12-31,Organizador de escritorio,Hogar,2,13.37,26.74,Pago móvil,Frecuente,WhatsApp,Tungurahua,1
954,2024-06-19,Tabla de cortar,Cocina,1,13.57,13.57,Transferencia,Frecuente,WhatsApp,Guayas,1
955,2024-12-29,Organizador de escritorio,Hogar,5,19.64,98.2,Efectivo,Nuevo,WhatsApp,Guayas,0
956,2024-12-09,Decoración de pared,Decoración,4,17.62,70.48,Tarjeta,Nuevo,Tienda física,Guayas,0
957,2024-09-09,Cuchara de madera,Cocina,5,4.3,21.5,Tarjeta,Frecuente,Instagram,Tungurahua,2
958,2024-03-13,Bandeja de madera,Hogar,4,21.23,84.92,Tarjeta,Nuevo,WhatsApp,Tungurahua,0
959,2024-07-03,Cuchara de madera,Cocina,3,5.5,16.5,Pago móvil,Frecuente,WhatsApp,Guayas,2
960,2024-03-25,Bandeja de madera,Hogar,4,18.72,74.88,Tarjeta,Frecuente,Instagram,Guayas,0
961,2024-01-28,Organizador de escritorio,Hogar,4,16.0,64.0,Transferencia,Nuevo,Tienda física,Pichincha,1
962,2024-03-24,Cuchara de madera,Cocina,3,3.18,9.54,Pago móvil,Frecuente,Tienda física,Chimborazo,2
963,2024-09-05,Tabla de cortar,Cocina,5,12.42,62.1,Pago móvil,Frecuente,Tienda física,Azuay,1
964,2024-04-14,Cuchara de madera,Cocina,1,3.62,3.62,Tarjeta,Nuevo,Instagram,Azuay,2
965,2024-12-05,Decoración de pared,Decoración,5,26.45,132.25,Transferencia,Nuevo,Instagram,Chimborazo,0
966,2024-12-12,Tabla de cortar,Cocina,4,10.46,41.84,Efectivo,Frecuente,Tienda física,Cotopaxi,1
967,2024-07-20,Organizador de escritorio,Hogar,1,19.79,19.79,Tarjeta,Nuevo,WhatsApp,Pichincha,0
968,2024-08-20,Tabla de cortar,Cocina,4,8.81,35.24,Tarjeta,Nuevo,WhatsApp,Tungurahua,2
969,2024-06-15,Organizador de escritorio,Hogar,4,15.85,63.4,Transferencia,Nuevo,Tienda física,Azuay,1
970,2024-02-06,Bandeja de madera,Hogar,1,16.2,16.2,Pago móvil,Nuevo,Facebook Marketplace,Cotopaxi,1
971,2024-02-15,Cuchara de madera,Cocina,4,4.2,16.8,Efectivo,Nuevo,Instagram,Chimborazo,2
972,2024-03-02,Porta vasos,Hogar,2,8.56,17.12,Tarjeta,Frecuente,Facebook Marketplace,Azuay,2
973,2024-03-08,Bandeja de madera,Hogar,5,23.75,118.75,Tarjeta,Nuevo,WhatsApp,Guayas,0
974,2024-08-31,Cuchara de madera,Cocina,4,5.45,21.8,Tarjeta,Frecuente,Tienda física,Chimborazo,2
975,2024-11-18,Bandeja de madera,Hogar,4,19.98,79.92,Pago móvil,Nuevo,Tienda física,Guayas,0
976,2024-11-27,Bandeja de madera,Hogar,2,24.65,49.3,Transferencia,Frecuente,Tienda física,Cotopaxi,0
977,2024-06-02,Porta vasos,Hogar,4,9.94,39.76,Transferencia,Nuevo,WhatsApp,Pichincha,2
978,2024-01-25,Decoración de pared,Decoración,5,18.55,92.75,Efectivo,Nuevo,Tienda física,Guayas,0
979,2024-12-04,Porta vasos,Hogar,4,9.72,38.88,Tarjeta,Frecuente,WhatsApp,Guayas,2
980,2024-02-28,Tabla de cortar,Cocina,1,15.69,15.69,Pago móvil,Nuevo,Instagram,Chimborazo,1
981,2024-06-09,Tabla de cortar,Cocina,3,8.83,26.49,Pago móvil,Frecuente,WhatsApp,Cotopaxi,2
982,2024-11-05,Cuchara de madera,Cocina,1,4.06,4.06,Tarjeta,Nuevo,Facebook Marketplace,Guayas,2
983,2024-01-07,Tabla de cortar,Cocina,1,8.06,8.06,Transferencia,Frecuente,Facebook Marketplace,Azuay,2
984,2024-09-06,Porta vasos,Hogar,5,13.82,69.1,Tarjeta,Frecuente,Facebook Marketplace,Cotopaxi,1
985,2024-04-07,Tabla de cortar,Cocina,1,9.25,9.25,Efectivo,Nuevo,Instagram,Tungurahua,2
986,2024-11-28,Cuchara de madera,Cocina,2,5.41,10.82,Transferencia,Frecuente,Instagram,Tungurahua,2
987,2024-08-30,Bandeja de madera,Hogar,2,22.01,44.02,Pago móvil,Nuevo,Tienda física,Pichincha,0
988,2024-09-05,Cuchara de madera,Cocina,4,6.69,26.76,Pago móvil,Nuevo,Facebook Marketplace,Guayas,2
989,2024-07-19,Cuchara de madera,Cocina,5,4.01,20.05,Efectivo,Frecuente,Tienda física,Tungurahua,2
990,2024-07-31,Organizador de escritorio,Hogar,4,18.32,73.28,Pago móvil,Frecuente,Tienda física,Chimborazo,0
991,2024-11-09,Porta vasos,Hogar,5,10.37,51.85,Pago móvil,Nuevo,Tienda física,Guayas,1
992,2024-10-10,Tabla de cortar,Cocina,3,12.22,36.66,Efectivo,Frecuente,Facebook Marketplace,Chimborazo,1
993,2024-08-17,Tabla de cortar,Cocina,3,12.95,38.85,Pago móvil,Nuevo,Instagram,Cotopaxi,1
994,2024-08-12,Organizador de escritorio,Hogar,3,11.11,33.33,Transferencia,Nuevo,WhatsApp,Guayas,1
995,2024-05-30,Organizador de escritorio,Hogar,2,16.23,32.46,Pago móvil,Frecuente,WhatsApp,Chimborazo,1
996,2024-12-19,Cuchara de madera,Cocina,3,6.11,18.33,Efectivo,Frecuente,Instagram,Pichincha,2
997,2024-02-21,Cuchara de madera,Cocina,4,3.78,15.12,Pago móvil,Frecuente,WhatsApp,Pichincha,2
998,2024-07-02,Cuchara de madera,Cocina,1,5.78,5.78,Tarjeta,Frecuente,Instagram,Pichincha,2
999,2024-06-21,Decoración de pared,Decoración,1,10.64,10.64,Pago móvil,Nuevo,Instagram,Tungurahua,1
1000,2024-06-23,Decoración de pared,Decoración,3,14.48,43.44,Tarjeta,Nuevo,WhatsApp,Pichincha,1
